timestamp,category,provider,model,deployment,test_id,run_id,latency_ms,ttft_ms,input_size,output_size,input_unit,output_unit,cost_usd,quality_metric,quality_metric_name,output_preview,error
2026-05-23T23:13:49.497+00:00,llm,openai,gpt-4o,cloud,p1_factual_corto,1,2500.0634000170976,2270.8225999958813,36,24,tokens,tokens,0.00033,,,"La capital de Costa Rica es San José, y su área metropolitana tiene aproximadamente 2,2 millones de habitantes.",
2026-05-23T23:13:50.210+00:00,llm,openai,gpt-4o,cloud,p1_factual_corto,2,713.1329000694677,602.6930999942124,36,23,tokens,tokens,0.00032,,,"La capital de Costa Rica es San José y su área metropolitana tiene aproximadamente 2,5 millones de habitantes.",
2026-05-23T23:13:51.105+00:00,llm,openai,gpt-4o,cloud,p1_factual_corto,3,894.8851999593899,768.2593999197707,36,21,tokens,tokens,0.0003,,,La capital de Costa Rica es San José y su área metropolitana tiene aproximadamente 2 millones de habitantes.,
2026-05-23T23:13:51.827+00:00,llm,openai,gpt-4o,cloud,p1_factual_corto,4,722.1086999634281,542.9699000669643,36,24,tokens,tokens,0.00033,,,"La capital de Costa Rica es San José, y su área metropolitana tiene aproximadamente 1,5 millones de habitantes.",
2026-05-23T23:13:52.419+00:00,llm,openai,gpt-4o,cloud,p1_factual_corto,5,591.808500001207,355.34760006703436,36,23,tokens,tokens,0.00032,,,"La capital de Costa Rica es San José y su área metropolitana tiene aproximadamente 1,7 millones de habitantes.",
2026-05-23T23:13:56.100+00:00,llm,openai,gpt-4o,cloud,p2_razonamiento,1,3681.1080999905244,1580.3375999676064,110,423,tokens,tokens,0.004505,,,"Para determinar qué combinaciones de modelos se pueden mostrar sin exceder el límite de 50 mil triángulos, debemos considerar las siguientes combinaciones posibles de los modelos Max, Winston y Liam: ",
2026-05-23T23:13:58.922+00:00,llm,openai,gpt-4o,cloud,p2_razonamiento,2,2821.9131999649107,459.1624999884516,110,547,tokens,tokens,0.005745,,,"Para determinar qué combinaciones de modelos de agentes virtuales se pueden mostrar simultáneamente sin exceder el límite de 50,000 triángulos, necesitamos evaluar las sumas de los triángulos de cada ",
2026-05-23T23:14:01.903+00:00,llm,openai,gpt-4o,cloud,p2_razonamiento,3,2980.7998000178486,463.6315000243485,110,514,tokens,tokens,0.005415,,,"Para determinar qué combinaciones de modelos se pueden mostrar sin exceder el límite de 50 mil triángulos, analizaremos cada combinación posible. Los modelos y sus respectivos requerimientos son:  - M",
2026-05-23T23:14:04.403+00:00,llm,openai,gpt-4o,cloud,p2_razonamiento,4,2499.4638999924064,472.82620007172227,110,426,tokens,tokens,0.004535,,,"Para determinar qué combinaciones de modelos se pueden mostrar simultáneamente sin exceder el límite de 50 mil triángulos, primero analizaremos las diferentes combinaciones posibles de los modelos Max",
2026-05-23T23:14:07.629+00:00,llm,openai,gpt-4o,cloud,p2_razonamiento,5,3226.1493999976665,973.8808999536559,110,448,tokens,tokens,0.004755,,,"Para determinar qué combinaciones de los modelos Max, Winston y Liam pueden mostrarse simultáneamente sin exceder el límite de 50,000 triángulos, debemos considerar las combinaciones posibles y calcul",
2026-05-23T23:14:09.001+00:00,llm,openai,gpt-4o,cloud,p3_json_estricto,1,1372.5358999799937,432.6453999383375,68,179,tokens,tokens,0.00196,,,"{   ""agentes"": [     {       ""nombre"": ""Sophia"",       ""estilo"": ""realista"",       ""rol"": ""Asistente Personal"",       ""expresiones"": [         ""sonrisa"",         ""pensativa"",         ""neutral""       ]",
2026-05-23T23:14:10.281+00:00,llm,openai,gpt-4o,cloud,p3_json_estricto,2,1279.6195999253541,467.2985998913646,68,168,tokens,tokens,0.00185,,,"{   ""agentes"": [     {       ""nombre"": ""Sophia"",       ""estilo"": ""realista"",       ""rol"": ""asistente virtual de oficina"",       ""expresiones"": [""sonrisa"", ""confusión"", ""asombro""]     },     {       ""n",
2026-05-23T23:14:11.651+00:00,llm,openai,gpt-4o,cloud,p3_json_estricto,3,1369.5523000787944,476.5858000610024,68,164,tokens,tokens,0.00181,,,"{   ""agentesVirtuales"": [     {       ""nombre"": ""Alexa"",       ""estilo"": ""realista"",       ""rol"": ""asistente de hogar"",       ""expresiones"": [""sonreír"", ""pensativa"", ""neutra""]     },     {       ""nomb",
2026-05-23T23:14:13.015+00:00,llm,openai,gpt-4o,cloud,p3_json_estricto,4,1363.4864001069218,427.62740002945065,68,166,tokens,tokens,0.00183,,,"{   ""agentesVirtuales"": [     {       ""nombre"": ""Sofia"",       ""estilo"": ""realista"",       ""rol"": ""asistente de soporte técnico"",       ""expresiones"": [""sonrisa"", ""pensativa"", ""concentrada""]     },   ",
2026-05-23T23:14:14.716+00:00,llm,openai,gpt-4o,cloud,p3_json_estricto,5,1701.5110000502318,882.3221999919042,68,162,tokens,tokens,0.00179,,,"{   ""agentes"": [     {       ""nombre"": ""Sophie"",       ""estilo"": ""realista"",       ""rol"": ""Asistente de Ventas"",       ""expresiones"": [""sonriente"", ""seria"", ""pensativa""]     },     {       ""nombre"": """,
2026-05-23T23:14:16.093+00:00,llm,openai,gpt-4o,cloud,p4_contexto_largo,1,1376.3994000619277,916.4034000132233,192,86,tokens,tokens,0.00134,,,"El benchmarking de servicios cognitivos para agentes virtuales incluye: 1) Latencia empírica y precisión con métricas como Word Error Rate y coherencia subjetiva. 2) Costo a escala, medido en dólares ",
2026-05-23T23:14:17.029+00:00,llm,openai,gpt-4o,cloud,p4_contexto_largo,2,936.4246999612078,463.7926999712363,192,81,tokens,tokens,0.00129,,,"El benchmarking de servicios cognitivos para agentes virtuales abarca seis dimensiones clave: latencia (tiempo al primer token vs. total), precisión (Word Error Rate y coherencia), costo a escala (en ",
2026-05-23T23:14:18.544+00:00,llm,openai,gpt-4o,cloud,p4_contexto_largo,3,1515.2243999764323,932.0981999626383,192,75,tokens,tokens,0.00123,,,"El benchmarking de servicios cognitivos para agentes virtuales abarca: la latencia empírica y su distinción entre el tiempo al primer token y la latencia total; la precisión, evaluada mediante métrica",
2026-05-23T23:14:19.437+00:00,llm,openai,gpt-4o,cloud,p4_contexto_largo,4,892.5063998904079,464.6822999930009,192,76,tokens,tokens,0.00124,,,"El benchmarking sistemático de servicios cognitivos para agentes virtuales evalúa seis dimensiones clave: latencia empírica, precisión utilizando métricas como Word Error Rate, y costo a escala; tambi",
2026-05-23T23:14:20.256+00:00,llm,openai,gpt-4o,cloud,p4_contexto_largo,5,818.8545999582857,469.4127000402659,192,73,tokens,tokens,0.00121,,,"El benchmarking sistemático de servicios cognitivos para agentes virtuales abarca seis dimensiones: latencia empírica, diferenciando tiempo al primer token de la latencia total; precisión, usando métr",
2026-05-23T23:14:21.248+00:00,llm,openai,gpt-4o,cloud,p5_creativo,1,992.1161000384018,367.4780000001192,60,104,tokens,tokens,0.00119,,,"¡Hola! Soy Max, tu acompañante virtual para ayudarte a alcanzar tus metas de bienestar físico. Hoy te propongo una breve pero efectiva rutina de calentamiento para preparar tu cuerpo. Comencemos con 5",
2026-05-23T23:14:22.232+00:00,llm,openai,gpt-4o,cloud,p5_creativo,2,983.4174000425264,318.9089000225067,60,100,tokens,tokens,0.00115,,,"¡Hola! Soy Max, tu acompañante virtual para el bienestar físico atlético. ¡Es genial tenerte aquí para darle un impulso a tu día! Vamos a comenzar con una rutina corta de calentamiento: empieza con 30",
2026-05-23T23:14:23.361+00:00,llm,openai,gpt-4o,cloud,p5_creativo,3,1128.877800074406,307.2010000469163,60,125,tokens,tokens,0.0014,,,¡Hola! Espero que estés teniendo un gran día. Estoy aquí para ayudarte a comenzar con una pequeña rutina de calentamiento. Aquí tienes tres ejercicios para activar tu cuerpo:  1. **Saltos de tijera**:,
2026-05-23T23:14:24.367+00:00,llm,openai,gpt-4o,cloud,p5_creativo,4,1006.2436000443995,364.8722000652924,60,103,tokens,tokens,0.00118,,,¡Hola! Me alegra que estés aquí preparado para moverte y sentirte bien. Vamos a empezar con una rutina corta de calentamiento para activar tu cuerpo:   1. **Jumping Jacks** - 1 minuto 2. **Rotaciones ,
2026-05-23T23:14:25.838+00:00,llm,openai,gpt-4o,cloud,p5_creativo,5,1471.2964000646025,435.9116000123322,60,141,tokens,tokens,0.00156,,,"¡Hola! Soy Max, tu compañero virtual en este viaje hacia un mejor bienestar físico. Antes de comenzar cualquier entrenamiento, es importante preparar tu cuerpo adecuadamente. Aquí te dejo una rutina c",
2026-05-23T23:14:26.451+00:00,llm,anthropic,claude-3-5-sonnet-latest,cloud,p1_factual_corto,1,0.0,,0,0,,,,,,,"BadRequestError: Error code: 400 - {'type': 'error', 'error': {'type': 'invalid_request_error', 'message': 'Your credit balance is too low to access the Anthropic API. Please go to Plans & Billing to upgrade or purchase credits.'}, 'request_id': 'req_011CbLMFdobd6aVYvrkwZcpg'}"
2026-05-23T23:14:26.614+00:00,llm,anthropic,claude-3-5-sonnet-latest,cloud,p1_factual_corto,2,0.0,,0,0,,,,,,,"BadRequestError: Error code: 400 - {'type': 'error', 'error': {'type': 'invalid_request_error', 'message': 'Your credit balance is too low to access the Anthropic API. Please go to Plans & Billing to upgrade or purchase credits.'}, 'request_id': 'req_011CbLMFemtgpReAabo5rB3r'}"
2026-05-23T23:14:26.779+00:00,llm,anthropic,claude-3-5-sonnet-latest,cloud,p1_factual_corto,3,0.0,,0,0,,,,,,,"BadRequestError: Error code: 400 - {'type': 'error', 'error': {'type': 'invalid_request_error', 'message': 'Your credit balance is too low to access the Anthropic API. Please go to Plans & Billing to upgrade or purchase credits.'}, 'request_id': 'req_011CbLMFfT4tcUvSSMqA5fRC'}"
2026-05-23T23:14:26.939+00:00,llm,anthropic,claude-3-5-sonnet-latest,cloud,p1_factual_corto,4,0.0,,0,0,,,,,,,"BadRequestError: Error code: 400 - {'type': 'error', 'error': {'type': 'invalid_request_error', 'message': 'Your credit balance is too low to access the Anthropic API. Please go to Plans & Billing to upgrade or purchase credits.'}, 'request_id': 'req_011CbLMFg9jiRGGTM5sSMH6s'}"
2026-05-23T23:14:27.098+00:00,llm,anthropic,claude-3-5-sonnet-latest,cloud,p1_factual_corto,5,0.0,,0,0,,,,,,,"BadRequestError: Error code: 400 - {'type': 'error', 'error': {'type': 'invalid_request_error', 'message': 'Your credit balance is too low to access the Anthropic API. Please go to Plans & Billing to upgrade or purchase credits.'}, 'request_id': 'req_011CbLMFgqATAg4R25CMghMc'}"
2026-05-23T23:14:27.254+00:00,llm,anthropic,claude-3-5-sonnet-latest,cloud,p2_razonamiento,1,0.0,,0,0,,,,,,,"BadRequestError: Error code: 400 - {'type': 'error', 'error': {'type': 'invalid_request_error', 'message': 'Your credit balance is too low to access the Anthropic API. Please go to Plans & Billing to upgrade or purchase credits.'}, 'request_id': 'req_011CbLMFhWqeaxUwFr9cWCKa'}"
2026-05-23T23:14:27.410+00:00,llm,anthropic,claude-3-5-sonnet-latest,cloud,p2_razonamiento,2,0.0,,0,0,,,,,,,"BadRequestError: Error code: 400 - {'type': 'error', 'error': {'type': 'invalid_request_error', 'message': 'Your credit balance is too low to access the Anthropic API. Please go to Plans & Billing to upgrade or purchase credits.'}, 'request_id': 'req_011CbLMFiCGQRwnTJECFNCPu'}"
2026-05-23T23:14:27.571+00:00,llm,anthropic,claude-3-5-sonnet-latest,cloud,p2_razonamiento,3,0.0,,0,0,,,,,,,"BadRequestError: Error code: 400 - {'type': 'error', 'error': {'type': 'invalid_request_error', 'message': 'Your credit balance is too low to access the Anthropic API. Please go to Plans & Billing to upgrade or purchase credits.'}, 'request_id': 'req_011CbLMFirDBKpWqfqBk6tGJ'}"
2026-05-23T23:14:27.759+00:00,llm,anthropic,claude-3-5-sonnet-latest,cloud,p2_razonamiento,4,0.0,,0,0,,,,,,,"BadRequestError: Error code: 400 - {'type': 'error', 'error': {'type': 'invalid_request_error', 'message': 'Your credit balance is too low to access the Anthropic API. Please go to Plans & Billing to upgrade or purchase credits.'}, 'request_id': 'req_011CbLMFje5uC7HtmTuRPb1b'}"
2026-05-23T23:14:27.918+00:00,llm,anthropic,claude-3-5-sonnet-latest,cloud,p2_razonamiento,5,0.0,,0,0,,,,,,,"BadRequestError: Error code: 400 - {'type': 'error', 'error': {'type': 'invalid_request_error', 'message': 'Your credit balance is too low to access the Anthropic API. Please go to Plans & Billing to upgrade or purchase credits.'}, 'request_id': 'req_011CbLMFkLFq8JqjuYpnznRe'}"
2026-05-23T23:14:28.079+00:00,llm,anthropic,claude-3-5-sonnet-latest,cloud,p3_json_estricto,1,0.0,,0,0,,,,,,,"BadRequestError: Error code: 400 - {'type': 'error', 'error': {'type': 'invalid_request_error', 'message': 'Your credit balance is too low to access the Anthropic API. Please go to Plans & Billing to upgrade or purchase credits.'}, 'request_id': 'req_011CbLMFm2gLbDC7RDgPqQKd'}"
2026-05-23T23:14:28.264+00:00,llm,anthropic,claude-3-5-sonnet-latest,cloud,p3_json_estricto,2,0.0,,0,0,,,,,,,"BadRequestError: Error code: 400 - {'type': 'error', 'error': {'type': 'invalid_request_error', 'message': 'Your credit balance is too low to access the Anthropic API. Please go to Plans & Billing to upgrade or purchase credits.'}, 'request_id': 'req_011CbLMFmiMJoHayzCxV34R2'}"
2026-05-23T23:14:28.425+00:00,llm,anthropic,claude-3-5-sonnet-latest,cloud,p3_json_estricto,3,0.0,,0,0,,,,,,,"BadRequestError: Error code: 400 - {'type': 'error', 'error': {'type': 'invalid_request_error', 'message': 'Your credit balance is too low to access the Anthropic API. Please go to Plans & Billing to upgrade or purchase credits.'}, 'request_id': 'req_011CbLMFnWyDEmxY1MbtCy5F'}"
2026-05-23T23:14:28.599+00:00,llm,anthropic,claude-3-5-sonnet-latest,cloud,p3_json_estricto,4,0.0,,0,0,,,,,,,"BadRequestError: Error code: 400 - {'type': 'error', 'error': {'type': 'invalid_request_error', 'message': 'Your credit balance is too low to access the Anthropic API. Please go to Plans & Billing to upgrade or purchase credits.'}, 'request_id': 'req_011CbLMFoDtcyB5NEEAhRyLT'}"
2026-05-23T23:14:28.773+00:00,llm,anthropic,claude-3-5-sonnet-latest,cloud,p3_json_estricto,5,0.0,,0,0,,,,,,,"BadRequestError: Error code: 400 - {'type': 'error', 'error': {'type': 'invalid_request_error', 'message': 'Your credit balance is too low to access the Anthropic API. Please go to Plans & Billing to upgrade or purchase credits.'}, 'request_id': 'req_011CbLMFp12A4LUeZzaHj6Yh'}"
2026-05-23T23:14:28.937+00:00,llm,anthropic,claude-3-5-sonnet-latest,cloud,p4_contexto_largo,1,0.0,,0,0,,,,,,,"BadRequestError: Error code: 400 - {'type': 'error', 'error': {'type': 'invalid_request_error', 'message': 'Your credit balance is too low to access the Anthropic API. Please go to Plans & Billing to upgrade or purchase credits.'}, 'request_id': 'req_011CbLMFpghAH44fD5sqZvR3'}"
2026-05-23T23:14:30.919+00:00,llm,anthropic,claude-3-5-sonnet-latest,cloud,p4_contexto_largo,2,0.0,,0,0,,,,,,,"BadRequestError: Error code: 400 - {'type': 'error', 'error': {'type': 'invalid_request_error', 'message': 'Your credit balance is too low to access the Anthropic API. Please go to Plans & Billing to upgrade or purchase credits.'}, 'request_id': 'req_011CbLMFxuJanbfPTnZPgKTK'}"
2026-05-23T23:14:31.089+00:00,llm,anthropic,claude-3-5-sonnet-latest,cloud,p4_contexto_largo,3,0.0,,0,0,,,,,,,"BadRequestError: Error code: 400 - {'type': 'error', 'error': {'type': 'invalid_request_error', 'message': 'Your credit balance is too low to access the Anthropic API. Please go to Plans & Billing to upgrade or purchase credits.'}, 'request_id': 'req_011CbLMFys6cTtpGiX2nZGDh'}"
2026-05-23T23:14:31.259+00:00,llm,anthropic,claude-3-5-sonnet-latest,cloud,p4_contexto_largo,4,0.0,,0,0,,,,,,,"BadRequestError: Error code: 400 - {'type': 'error', 'error': {'type': 'invalid_request_error', 'message': 'Your credit balance is too low to access the Anthropic API. Please go to Plans & Billing to upgrade or purchase credits.'}, 'request_id': 'req_011CbLMFzbzqABSoL64GfUAd'}"
2026-05-23T23:14:31.451+00:00,llm,anthropic,claude-3-5-sonnet-latest,cloud,p4_contexto_largo,5,0.0,,0,0,,,,,,,"BadRequestError: Error code: 400 - {'type': 'error', 'error': {'type': 'invalid_request_error', 'message': 'Your credit balance is too low to access the Anthropic API. Please go to Plans & Billing to upgrade or purchase credits.'}, 'request_id': 'req_011CbLMG1QsDGosXWGEQv6oR'}"
2026-05-23T23:14:31.620+00:00,llm,anthropic,claude-3-5-sonnet-latest,cloud,p5_creativo,1,0.0,,0,0,,,,,,,"BadRequestError: Error code: 400 - {'type': 'error', 'error': {'type': 'invalid_request_error', 'message': 'Your credit balance is too low to access the Anthropic API. Please go to Plans & Billing to upgrade or purchase credits.'}, 'request_id': 'req_011CbLMG29mDCiPvQA7aA3Su'}"
2026-05-23T23:14:31.785+00:00,llm,anthropic,claude-3-5-sonnet-latest,cloud,p5_creativo,2,0.0,,0,0,,,,,,,"BadRequestError: Error code: 400 - {'type': 'error', 'error': {'type': 'invalid_request_error', 'message': 'Your credit balance is too low to access the Anthropic API. Please go to Plans & Billing to upgrade or purchase credits.'}, 'request_id': 'req_011CbLMG2rSE9YLwg79WAprF'}"
2026-05-23T23:14:31.942+00:00,llm,anthropic,claude-3-5-sonnet-latest,cloud,p5_creativo,3,0.0,,0,0,,,,,,,"BadRequestError: Error code: 400 - {'type': 'error', 'error': {'type': 'invalid_request_error', 'message': 'Your credit balance is too low to access the Anthropic API. Please go to Plans & Billing to upgrade or purchase credits.'}, 'request_id': 'req_011CbLMG3Z6jQiDRkhJs5BZP'}"
2026-05-23T23:14:32.101+00:00,llm,anthropic,claude-3-5-sonnet-latest,cloud,p5_creativo,4,0.0,,0,0,,,,,,,"BadRequestError: Error code: 400 - {'type': 'error', 'error': {'type': 'invalid_request_error', 'message': 'Your credit balance is too low to access the Anthropic API. Please go to Plans & Billing to upgrade or purchase credits.'}, 'request_id': 'req_011CbLMG4EXfziW8gyepbyp5'}"
2026-05-23T23:14:32.264+00:00,llm,anthropic,claude-3-5-sonnet-latest,cloud,p5_creativo,5,0.0,,0,0,,,,,,,"BadRequestError: Error code: 400 - {'type': 'error', 'error': {'type': 'invalid_request_error', 'message': 'Your credit balance is too low to access the Anthropic API. Please go to Plans & Billing to upgrade or purchase credits.'}, 'request_id': 'req_011CbLMG4vCwpS84JJbjGiTM'}"
2026-05-23T23:14:36.521+00:00,llm,google,gemini-2.5-flash,cloud,p1_factual_corto,1,3562.608700012788,3561.1865000100806,29,23,tokens,tokens,6.62e-05,,,La capital de Costa Rica es San José y su área metropolitana tiene aproximadamente 2.5 millones de habitantes.,
2026-05-23T23:14:39.588+00:00,llm,google,gemini-2.5-flash,cloud,p1_factual_corto,2,3066.6849999688566,3066.5244999108836,29,23,tokens,tokens,6.62e-05,,,La capital de Costa Rica es San José y su área metropolitana tiene aproximadamente 2.3 millones de habitantes.,
2026-05-23T23:14:41.125+00:00,llm,google,gemini-2.5-flash,cloud,p1_factual_corto,3,1536.9150000624359,1536.7751000449061,29,23,tokens,tokens,6.62e-05,,,La capital de Costa Rica es San José y su área metropolitana tiene aproximadamente 2.5 millones de habitantes.,
2026-05-23T23:14:43.703+00:00,llm,google,gemini-2.5-flash,cloud,p1_factual_corto,4,2578.352399985306,2578.178200055845,29,23,tokens,tokens,6.62e-05,,,La capital de Costa Rica es San José y su área metropolitana tiene aproximadamente más de 2 millones de habitantes.,
2026-05-23T23:14:45.769+00:00,llm,google,gemini-2.5-flash,cloud,p1_factual_corto,5,2065.509599982761,2064.489800017327,29,23,tokens,tokens,6.62e-05,,,La capital de Costa Rica es San José y su área metropolitana tiene aproximadamente 2.5 millones de habitantes.,
2026-05-23T23:14:55.937+00:00,llm,google,gemini-2.5-flash,cloud,p2_razonamiento,1,10168.414600077085,7178.1550999730825,100,860,tokens,tokens,0.00218,,,"Para determinar las combinaciones de modelos que se pueden mostrar simultáneamente, debemos sumar sus triángulos y compararlos con el límite de 50,000 triángulos de la GPU.  **Datos de los modelos:** ",
2026-05-23T23:15:08.224+00:00,llm,google,gemini-2.5-flash,cloud,p2_razonamiento,2,12286.354000098072,8158.480299985968,100,1128,tokens,tokens,0.00285,,,"Para determinar qué combinaciones de modelos se pueden mostrar simultáneamente y cuál ofrece la mayor variedad estética, seguiremos estos pasos:  ### **Paso 1: Identificar los modelos y sus costos en ",
2026-05-23T23:15:19.504+00:00,llm,google,gemini-2.5-flash,cloud,p2_razonamiento,3,11280.095999944024,7459.000600036234,100,1055,tokens,tokens,0.0026675,,,"¡Claro! Analicemos las combinaciones posibles paso a paso.  **Datos iniciales:**  *   **Modelos y sus triángulos:**     *   **Max** (Gimnasio): 28,000 triángulos     *   **Winston** (Entretenimiento):",
2026-05-23T23:15:28.310+00:00,llm,google,gemini-2.5-flash,cloud,p2_razonamiento,4,8806.607100064866,5357.875199988484,100,939,tokens,tokens,0.0023775,,,"¡Claro! Vamos a calcular las combinaciones posibles paso a paso, teniendo en cuenta que la GPU del usuario soporta un máximo de 50 mil triángulos.  **Datos de los modelos:** *   **Max (Gimnasio):** 28",
2026-05-23T23:15:42.530+00:00,llm,google,gemini-2.5-flash,cloud,p2_razonamiento,5,14219.449699972756,9807.33879993204,100,1089,tokens,tokens,0.0027525,,,"¡Claro! Analicemos las combinaciones posibles paso a paso.  **Datos iniciales:**  *   **Límite de la GPU:** 50,000 triángulos. *   **Modelos y sus triángulos:**     *   Max (Gimnasio): 28,000 triángul",
2026-05-23T23:15:46.192+00:00,llm,google,gemini-2.5-flash,cloud,p3_json_estricto,1,3661.694800015539,3004.206500016153,59,195,tokens,tokens,0.0005052,,,"{""agentes"": [     {       ""nombre"": ""Aura"",       ""estilo"": ""realista"",       ""rol"": ""Asistente de servicio al cliente"",       ""expresiones"": [""Neutral"", ""Empático"", ""Preocupado"", ""Feliz""]     },     ",
2026-05-23T23:15:48.013+00:00,llm,google,gemini-2.5-flash,cloud,p3_json_estricto,2,1821.1749999318272,1114.4802999915555,59,188,tokens,tokens,0.0004877,,,"[   {     ""nombre"": ""Ava"",     ""estilo"": ""realista"",     ""rol"": ""asistente personal"",     ""expresiones"": [""feliz"", ""neutral"", ""pensativa"", ""preocupada""]   },   {     ""nombre"": ""Gizmo"",     ""estilo"": """,
2026-05-23T23:15:50.555+00:00,llm,google,gemini-2.5-flash,cloud,p3_json_estricto,3,2542.529500089586,1793.9811000833288,59,188,tokens,tokens,0.0004877,,,"[   {     ""nombre"": ""Nexo"",     ""estilo"": ""realista"",     ""rol"": ""Asistente médico virtual"",     ""expresiones"": [""serio"", ""calmado"", ""empático"", ""pensativo""]   },   {     ""nombre"": ""Chispita"",     ""es",
2026-05-23T23:15:53.060+00:00,llm,google,gemini-2.5-flash,cloud,p3_json_estricto,4,2504.2353000026196,1760.8698999974877,59,195,tokens,tokens,0.0005052,,,"[   {     ""nombre"": ""Sophia"",     ""estilo"": ""realista"",     ""rol"": ""Asistente de atención al cliente"",     ""expresiones"": [""neutra"", ""amable"", ""preocupada"", ""agradecida""]   },   {     ""nombre"": ""Spark",
2026-05-23T23:15:54.990+00:00,llm,google,gemini-2.5-flash,cloud,p3_json_estricto,5,1930.116800009273,1203.6311000119895,59,203,tokens,tokens,0.0005252000000000001,,,"[   {     ""nombre"": ""Agente Nexus"",     ""estilo"": ""realista"",     ""rol"": ""asistente de soporte técnico avanzado"",     ""expresiones"": [""feliz"", ""serio"", ""reflexivo"", ""curioso"", ""confiado""]   },   {    ",
2026-05-23T23:16:01.861+00:00,llm,google,gemini-2.5-flash,cloud,p4_contexto_largo,1,6871.478999964893,6735.399900004268,187,70,tokens,tokens,0.0002311,,,"El benchmarking de servicios cognitivos para agentes virtuales evalúa el **rendimiento** (latencia, precisión), los **costos y gobernanza de datos** (precio a escala, uso de entradas para reentrenamie",
2026-05-23T23:16:09.351+00:00,llm,google,gemini-2.5-flash,cloud,p4_contexto_largo,2,7489.593700040132,7215.2306999778375,187,71,tokens,tokens,0.00023359999999999999,,,"El benchmarking de servicios cognitivos para agentes virtuales evalúa seis dimensiones interdependientes. Los tres puntos principales son: el **rendimiento** (latencia, precisión), el **costo** a esca",
2026-05-23T23:16:14.923+00:00,llm,google,gemini-2.5-flash,cloud,p4_contexto_largo,3,5572.24930007942,5437.790500000119,187,86,tokens,tokens,0.00027110000000000003,,,"El benchmarking sistemático de servicios cognitivos para agentes virtuales contempla múltiples dimensiones interdependientes. Evalúa el **rendimiento técnico** (latencia, precisión) y el **costo a esc",
2026-05-23T23:16:20.724+00:00,llm,google,gemini-2.5-flash,cloud,p4_contexto_largo,4,5800.9557001059875,5714.3758001038805,187,80,tokens,tokens,0.00025610000000000005,,,"El benchmarking de servicios cognitivos para agentes virtuales contempla tres áreas principales: **rendimiento** (latencia, precisión), **economía y gobernanza** (costo, privacidad de datos) y **usabi",
2026-05-23T23:16:25.916+00:00,llm,google,gemini-2.5-flash,cloud,p4_contexto_largo,5,5191.993499989621,4954.337999923155,187,92,tokens,tokens,0.0002861,,,El benchmarking de servicios cognitivos para agentes virtuales evalúa tres puntos principales: el **rendimiento técnico** (latencia y precisión); las **implicaciones operativas y de costo** (costo a e,
2026-05-23T23:16:31.294+00:00,llm,google,gemini-2.5-flash,cloud,p5_creativo,1,5377.326100016944,4676.558300037868,54,209,tokens,tokens,0.0005387,,,"¡Hola! Soy Max, tu compañero virtual de bienestar físico atlético. ¿Listo para activar tu cuerpo y mente hoy? Estoy aquí para guiarte en tu camino hacia una versión más fuerte y enérgica de ti. ¡Vamos",
2026-05-23T23:16:35.445+00:00,llm,google,gemini-2.5-flash,cloud,p5_creativo,2,4151.651400025003,3684.9017000058666,54,184,tokens,tokens,0.0004762,,,"¡Hola! Soy Max, tu compañero virtual de bienestar físico atlético, listo para impulsar tu rendimiento y ayudarte a alcanzar tus metas. ¿Estás preparado para activar tu cuerpo y mente hoy?  Para empeza",
2026-05-23T23:16:41.161+00:00,llm,google,gemini-2.5-flash,cloud,p5_creativo,3,5715.641599963419,5264.391199918464,54,177,tokens,tokens,0.0004587,,,"¡Hola! Soy Max, tu compañero virtual de bienestar físico atlético. Estoy aquí para ayudarte a optimizar tu energía y a alcanzar tus metas. ¿Listo para activar ese cuerpo y mente?  ¡Excelente! Empecemo",
2026-05-23T23:16:48.565+00:00,llm,google,gemini-2.5-flash,cloud,p5_creativo,4,7403.3115999773145,6566.353200003505,54,236,tokens,tokens,0.0006062000000000001,,,"¡Hola! Soy Max, tu acompañante virtual de bienestar físico atlético. Es un gusto tenerte aquí y listo para activar tu energía. Para empezar con fuerza y preparar tus músculos, te propongo una rutina c",
2026-05-23T23:16:53.885+00:00,llm,google,gemini-2.5-flash,cloud,p5_creativo,5,5320.0894999317825,4758.9589999988675,54,174,tokens,tokens,0.00045119999999999996,,,"¡Hola! Soy Max, tu acompañante virtual de bienestar físico atlético. ¿Listo para activar tu cuerpo y mente hoy? Estoy aquí para guiarte y motivarte en cada paso. ¡Vamos a darle energía a este día!  Pa",
2026-05-23T23:16:54.586+00:00,llm,groq,llama-3.3-70b-versatile,cloud,p1_factual_corto,1,367.1418000012636,339.9195000529289,69,29,tokens,tokens,6.362e-05,,,"La capital de Costa Rica es San José, y su área metropolitana tiene aproximadamente 2,5 millones de habitantes.",
2026-05-23T23:16:54.793+00:00,llm,groq,llama-3.3-70b-versatile,cloud,p1_factual_corto,2,206.90660004038364,161.85500007122755,69,29,tokens,tokens,6.362e-05,,,"La capital de Costa Rica es San José, y su área metropolitana tiene aproximadamente 2,5 millones de habitantes.",
2026-05-23T23:16:54.997+00:00,llm,groq,llama-3.3-70b-versatile,cloud,p1_factual_corto,3,203.6201999289915,159.3039999715984,69,29,tokens,tokens,6.362e-05,,,"La capital de Costa Rica es San José, y su área metropolitana tiene aproximadamente 2,5 millones de habitantes.",
2026-05-23T23:16:55.327+00:00,llm,groq,llama-3.3-70b-versatile,cloud,p1_factual_corto,4,329.80579999275506,227.85090003162622,69,29,tokens,tokens,6.362e-05,,,"La capital de Costa Rica es San José, y su área metropolitana tiene aproximadamente 2,5 millones de habitantes.",
2026-05-23T23:16:55.546+00:00,llm,groq,llama-3.3-70b-versatile,cloud,p1_factual_corto,5,219.35440006200224,179.27580000832677,69,29,tokens,tokens,6.362e-05,,,"La capital de Costa Rica es San José, y su área metropolitana tiene aproximadamente 2,5 millones de habitantes.",
2026-05-23T23:16:56.710+00:00,llm,groq,llama-3.3-70b-versatile,cloud,p2_razonamiento,1,1164.278700016439,189.86889999359846,149,459,tokens,tokens,0.00045052,,,"**Combinaciones posibles de modelos**  Para determinar qué combinaciones de modelos se pueden mostrar a la vez sin exceder el límite de 50 mil triángulos, podemos analizar las siguientes combinaciones",
2026-05-23T23:16:57.879+00:00,llm,groq,llama-3.3-70b-versatile,cloud,p2_razonamiento,2,1168.9719000132754,169.36409997288138,149,406,tokens,tokens,0.00040865,,,"**Análisis de Combinaciones de Modelos**  A continuación, se presentan las posibles combinaciones de modelos que se pueden mostrar a la vez sin exceder el límite de 50.000 triángulos:  1. **Max (28.00",
2026-05-23T23:16:59.005+00:00,llm,groq,llama-3.3-70b-versatile,cloud,p2_razonamiento,3,1125.5483999848366,163.08889992069453,149,448,tokens,tokens,0.00044183000000000004,,,"**Análisis de las combinaciones posibles**  Para determinar qué combinaciones de modelos se pueden mostrar a la vez sin exceder el límite de 50.000 triángulos, debemos calcular el total de triángulos ",
2026-05-23T23:17:00.170+00:00,llm,groq,llama-3.3-70b-versatile,cloud,p2_razonamiento,4,1165.1107999496162,198.33699997980148,149,447,tokens,tokens,0.00044103999999999997,,,"**Análisis de las combinaciones posibles**  Para determinar qué combinaciones de modelos se pueden mostrar a la vez sin exceder el límite de 50 mil triángulos, debemos calcular la cantidad total de tr",
2026-05-23T23:17:01.138+00:00,llm,groq,llama-3.3-70b-versatile,cloud,p2_razonamiento,5,967.2775999642909,179.02799998410046,149,357,tokens,tokens,0.0003699400000000001,,,"**Análisis de combinaciones de modelos**  Para determinar qué combinaciones de modelos se pueden mostrar a la vez sin exceder el límite de 50 mil triángulos, vamos a analizar las posibles combinacione",
2026-05-23T23:17:01.752+00:00,llm,groq,llama-3.3-70b-versatile,cloud,p3_json_estricto,1,614.2201999900863,176.92280001938343,100,183,tokens,tokens,0.00020357,,,"{   ""agentes"": [     {       ""nombre"": ""Agente 1"",       ""estilo"": ""realista"",       ""rol"": ""Asistente"",       ""expresiones"": [""sonrisa"", ""ceño fruncido"", ""sorpresa""]     },     {       ""nombre"": ""Age",
2026-05-23T23:17:02.520+00:00,llm,groq,llama-3.3-70b-versatile,cloud,p3_json_estricto,2,768.1191000156105,158.73080003075302,100,196,tokens,tokens,0.00021384,,,"{   ""agentes"": [     {       ""nombre"": ""Agente 1"",       ""estilo"": ""realista"",       ""rol"": ""Asistente"",       ""expresiones"": [""Sonrío"", ""Miro a la cámara"", ""Me encojo de hombros""]     },     {       ",
2026-05-23T23:17:03.153+00:00,llm,groq,llama-3.3-70b-versatile,cloud,p3_json_estricto,3,633.0259999958798,231.23869998380542,100,169,tokens,tokens,0.00019251,,,"{   ""agentes"": [     {       ""nombre"": ""Agente 1"",       ""estilo"": ""realista"",       ""rol"": ""Asistente"",       ""expresiones"": [""Feliz"", ""Triste"", ""Neutral""]     },     {       ""nombre"": ""Agente 2"",   ",
2026-05-23T23:17:03.681+00:00,llm,groq,llama-3.3-70b-versatile,cloud,p3_json_estricto,4,527.8980999719352,175.5341999232769,100,161,tokens,tokens,0.00018619,,,"[   {     ""nombre"": ""Agente 1"",     ""estilo"": ""realista"",     ""rol"": ""Asistente"",     ""expresiones"": [""feliz"", ""triste"", ""neutral""]   },   {     ""nombre"": ""Agente 2"",     ""estilo"": ""caricaturesco"",   ",
2026-05-23T23:17:04.365+00:00,llm,groq,llama-3.3-70b-versatile,cloud,p3_json_estricto,5,684.5293999649584,272.4534999579191,100,175,tokens,tokens,0.00019725,,,"{   ""agentes"": [     {       ""nombre"": ""Agente 1"",       ""estilo"": ""realista"",       ""rol"": ""asesor"",       ""expresiones"": [""sonreír"", ""fruncir el ceño"", ""sorprenderse""]     },     {       ""nombre"": """,
2026-05-23T23:17:04.797+00:00,llm,groq,llama-3.3-70b-versatile,cloud,p4_contexto_largo,1,431.19229993317276,304.16599998716265,258,46,tokens,tokens,0.00018856,,,"El benchmarking de servicios cognitivos para agentes virtuales considera:  1. Latencia empírica,  2. Precisión y costo,  3. Privacidad, customización e integración.",
2026-05-23T23:17:05.170+00:00,llm,groq,llama-3.3-70b-versatile,cloud,p4_contexto_largo,2,373.17369994707406,231.6389000043273,258,48,tokens,tokens,0.00019014,,,El benchmarking de servicios cognitivos para agentes virtuales incluye:  1. **Latencia empírica** 2. **Precisión y costo** 3. **Privacidad y facilidad de integración**.,
2026-05-23T23:17:05.490+00:00,llm,groq,llama-3.3-70b-versatile,cloud,p4_contexto_largo,3,319.94349998421967,227.1044000517577,258,45,tokens,tokens,0.00018777,,,"El benchmarking de servicios cognitivos incluye: latencia empírica, precisión, costo a escala, privacidad y gobernanza de datos, customización y facilidad de integración.",
2026-05-23T23:17:05.766+00:00,llm,groq,llama-3.3-70b-versatile,cloud,p4_contexto_largo,4,276.2760000769049,207.47410005424172,258,35,tokens,tokens,0.00017987,,,"El benchmarking sistemático considera: latencia empírica, precisión, costo a escala, privacidad, customización y facilidad de integración.",
2026-05-23T23:17:06.108+00:00,llm,groq,llama-3.3-70b-versatile,cloud,p4_contexto_largo,5,341.7917999904603,235.0309999892488,258,51,tokens,tokens,0.00019250999999999998,,,"El benchmarking de servicios cognitivos para agentes virtuales considera:  1. Latencia empírica y precisión, 2. Costo a escala y privacidad, 3. Customización y facilidad de integración.",
2026-05-23T23:17:06.826+00:00,llm,groq,llama-3.3-70b-versatile,cloud,p5_creativo,1,717.8961000172421,273.07780005503446,98,127,tokens,tokens,0.00015815,,,"Hola, estoy emocionado de ayudarte en tu camino hacia el bienestar físico y atlético. Antes de empezar, es importante calentarnos adecuadamente para evitar lesiones y mejorar nuestro rendimiento. Aquí",
2026-05-23T23:17:07.338+00:00,llm,groq,llama-3.3-70b-versatile,cloud,p5_creativo,2,511.9987999787554,165.98980000708252,98,117,tokens,tokens,0.00015025,,,"Hola, me alegra conocerte y ser tu acompañante virtual de bienestar físico atlético. Estoy aquí para ayudarte a alcanzar tus objetivos de forma segura y efectiva. Para comenzar, te recomiendo una ruti",
2026-05-23T23:17:07.886+00:00,llm,groq,llama-3.3-70b-versatile,cloud,p5_creativo,3,548.0211999965832,163.15949999261647,98,122,tokens,tokens,0.0001542,,,"¡Hola! Me alegra conocerte y ayudarte en tu camino hacia una mejor condición física. Para comenzar, te recomiendo una rutina de calentamiento corta pero efectiva que incluye: saltos de tijera, elevaci",
2026-05-23T23:17:08.529+00:00,llm,groq,llama-3.3-70b-versatile,cloud,p5_creativo,4,643.0582000175491,166.96289996616542,98,130,tokens,tokens,0.00016052000000000001,,,"Hola, me alegra que estés aquí. Quiero ayudarte a alcanzar tus objetivos de bienestar físico y mejorar tu condición atlética de manera segura y efectiva. Comencemos con una rutina de calentamiento bre",
2026-05-23T23:17:09.181+00:00,llm,groq,llama-3.3-70b-versatile,cloud,p5_creativo,5,652.1160999545828,168.4382000239566,98,149,tokens,tokens,0.00017553,,,"¡Hola! Me alegra conocerte y ayudarte en tu camino hacia un bienestar físico óptimo. Para comenzar, te recomiendo una rutina de calentamiento corta pero efectiva que incluye: saltos de tijera para act",
2026-05-23T23:17:18.790+00:00,llm,ollama,llama3.2:3b,local,p1_factual_corto,1,2938.7854000087827,243.6269000172615,59,67,tokens,tokens,0.0,,,"La capital de Costa Rica es San José, que tiene una población de unos 1.800.000 de personas, pero el área metropolitana de San José tiene alrededor de 2.400.000 de habitantes, lo cual la convierte en ",
2026-05-23T23:17:20.303+00:00,llm,ollama,llama3.2:3b,local,p1_factual_corto,2,1513.7046000454575,170.7350000506267,59,34,tokens,tokens,0.0,,,"La capital de Costa Rica es San José, que tiene una población de aproximadamente 1.900.000 habitantes en su área metropolitana.",
2026-05-23T23:17:22.383+00:00,llm,ollama,llama3.2:3b,local,p1_factual_corto,3,2079.6239000046626,166.91869997885078,59,48,tokens,tokens,0.0,,,"La capital de Costa Rica es San José, que tiene una población estimada de alrededor de 2.136.000 habitantes en su área metropolitana, según datos del censo de 2020.",
2026-05-23T23:17:23.855+00:00,llm,ollama,llama3.2:3b,local,p1_factual_corto,4,1471.6502000810578,170.38460006006062,59,33,tokens,tokens,0.0,,,"La capital de Costa Rica es San José, que tiene una población de más de 1.700.000 personas en su área metropolitana.",
2026-05-23T23:17:25.123+00:00,llm,ollama,llama3.2:3b,local,p1_factual_corto,5,1268.2386999949813,164.78790005203336,59,28,tokens,tokens,0.0,,,"La capital de Costa Rica es San José, que tiene un área metropolitana de aproximadamente 4 millones de habitantes.",
2026-05-23T23:17:38.728+00:00,llm,ollama,llama3.2:3b,local,p2_razonamiento,1,13604.646300082095,436.01130007300526,139,247,tokens,tokens,0.0,,,¡Hola! Me alegra ayudarte con este problema.  **Análisis de los modelos**  *   Max (gimnasio): 28 mil triángulos *   Winston (entretenimiento): 31 mil triángulos *   Liam (educativo): 17 mil triángulo,
2026-05-23T23:19:08.910+00:00,llm,ollama,llama3.2:3b,local,p2_razonamiento,2,90182.36840004101,188.56830010190606,139,390,tokens,tokens,0.0,,,**Análisis de la capacidad del GPU**  El GPU del usuario soporta como máximo 50 mil triángulos simultáneos en pantalla.  **Modelos disponibles y su cantidad de triángulos**  *   Max: 28.000 triángulos,
2026-05-23T23:19:37.186+00:00,llm,ollama,llama3.2:3b,local,p2_razonamiento,3,28276.17279998958,291.658699978143,139,369,tokens,tokens,0.0,,,"**Análisis de las opciones**  Para determinar las combinaciones de modelos que se pueden mostrar simultáneamente sin pasarse el límite de 50 mil triángulos, debemos considerar la cantidad de triángulo",
2026-05-23T23:20:08.462+00:00,llm,ollama,llama3.2:3b,local,p2_razonamiento,4,31275.792800006457,486.26499995589256,139,480,tokens,tokens,0.0,,,¡Hola! Me alegra ayudarte a encontrar las combinaciones optimales para tu agente virtual.  **Análisis de los modelos**  * Max (gimnasio): 28 mil triángulos * Winston (entretenimiento): 31 mil triángul,
2026-05-23T23:20:40.733+00:00,llm,ollama,llama3.2:3b,local,p2_razonamiento,5,32270.65159997437,508.84689996019006,139,510,tokens,tokens,0.0,,,"¡Claro! Aquí te presento las posibles combinaciones de modelos que se pueden mostrar a la vez sin pasar del límite de 50 mil triángulos simultáneos en pantalla, junto con su correspondiente costo tota",
2026-05-23T23:20:49.948+00:00,llm,ollama,llama3.2:3b,local,p3_json_estricto,1,9214.98559997417,545.5226999474689,90,126,tokens,tokens,0.0,,,"{""agentes"": [{""nombre"": ""Batman"", ""estilo"": ""realista"", ""rol"": ""Superhéroe"", ""expresiones"": [""Serio"", ""Triste""]}, {""nombre"": ""Sonic"", ""estilo"": ""cartoon"", ""rol"": ""Héroe de videojuegos"", ""expresiones"":",
2026-05-23T23:20:59.390+00:00,llm,ollama,llama3.2:3b,local,p3_json_estricto,2,9442.05559999682,302.79489990789443,90,149,tokens,tokens,0.0,,,"{   ""agentes"": [     {       ""nombre"": ""Lalo"",       ""estilo"": ""cartoon"",       ""rol"": ""alcalde"",       ""expresiones"": [""satisfecho"", ""triste""]     },     {       ""nombre"": ""Dalia"",       ""estilo"": ""r",
2026-05-23T23:21:05.678+00:00,llm,ollama,llama3.2:3b,local,p3_json_estricto,3,6287.974299979396,273.1770999962464,90,93,tokens,tokens,0.0,,,"{""agentes"":[{""nombre"":""Batman"",""estilo"":""realista"",""rol"":""detectivo"",""expresiones"":[""skeptico"",""triste""]},{""nombre"":""Sonic"",""estilo"":""cartoon"",""rol"":""héroe"",""expresiones"":[""alegre"",""optimista""]},{""nom",
2026-05-23T23:21:13.595+00:00,llm,ollama,llama3.2:3b,local,p3_json_estricto,4,7916.566399973817,424.652999965474,90,128,tokens,tokens,0.0,,,"{""agentes"": [{""nombre"": ""Agente 1"", ""estilo"": ""realista"", ""rol"": ""Investigador"", ""expresiones"": [""frustrado"", ""sorprendido""]}, {""nombre"": ""Agente 2"", ""estilo"": ""caricaturesco"", ""rol"": ""Espía"", ""expres",
2026-05-23T23:21:24.480+00:00,llm,ollama,llama3.2:3b,local,p3_json_estricto,5,10884.927100036293,313.7617000611499,90,166,tokens,tokens,0.0,,,"{""agentes"": [{""nombre"": ""Pato Pata"", ""estilo"": ""cartoon"", ""rol"": ""personaje protagónico"", ""expresiones"": [""¡Esto es raro!"", ""!Es increíble!"", ""¡Viva la aventura!""]}, {""nombre"": ""Tony Stark"", ""estilo"":",
2026-05-23T23:21:31.041+00:00,llm,ollama,llama3.2:3b,local,p4_contexto_largo,1,6560.753699974157,1146.026200032793,248,86,tokens,tokens,0.0,,,El benchmarking sistemático para agentes virtuales considera 6 dimensiones interdependientes:  1. Latencia empírica: tiempo al primer token. 2. Precisión: medidas como Word Error Rate para reconocimie,
2026-05-23T23:21:37.779+00:00,llm,ollama,llama3.2:3b,local,p4_contexto_largo,2,6738.702000002377,456.2622000230476,248,105,tokens,tokens,0.0,,,"El benchmarking sistemático de servicios cognitivos para agentes virtuales considera 6 dimensiones interdependientes:   1. Latencia empírica, que mide el tiempo al primer token de la respuesta. 2. Pre",
2026-05-23T23:21:43.981+00:00,llm,ollama,llama3.2:3b,local,p4_contexto_largo,3,6201.440799981356,574.7344000265002,248,92,tokens,tokens,0.0,,,El benchmarking sistemático de servicios cognitivos para agentes virtuales considera 6 dimensiones interdependientes:  1. Latencia empírica: tiempo desde el primer token hasta la respuesta total. 2. P,
2026-05-23T23:21:52.227+00:00,llm,ollama,llama3.2:3b,local,p4_contexto_largo,4,8246.020299964584,895.0557999778539,248,119,tokens,tokens,0.0,,,"El benchmarking sistemático de servicios cognitivos para agentes virtuales considera 5 dimensiones clave:   *   Latencia empírica, medida del tiempo al primer token. *   Precisión, evaluada mediante m",
2026-05-23T23:22:00.980+00:00,llm,ollama,llama3.2:3b,local,p4_contexto_largo,5,8753.203500062227,572.820600005798,248,140,tokens,tokens,0.0,,,"El benchmarking sistemático de servicios cognitivos para agentes virtuales considera 5 dimensiones clave:   1. Latencia empírica, medida del tiempo al primer token de la respuesta. 2. Precisión, evalu",
2026-05-23T23:22:14.895+00:00,llm,ollama,llama3.2:3b,local,p5_creativo,1,13914.29469990544,865.5100999167189,88,205,tokens,tokens,0.0,,,¡Hola! Me alegra que estés aquí para trabajar juntos hacia un mejor estado físico y bienestar. En primer lugar te recomiendo realizar los siguientes ejercicios de calentamiento:  1.  Caminata rápida: ,
2026-05-23T23:22:29.566+00:00,llm,ollama,llama3.2:3b,local,p5_creativo,2,14670.638000010513,826.6668999567628,88,228,tokens,tokens,0.0,,,¡Hola! Me alegra que hayas decidido incorporar la actividad física en tu día a día. Es genial que estés dispuesto a mejorar tu bienestar físico y emocional.  Aquí te dejo una rutina corta de calentami,
2026-05-23T23:22:49.152+00:00,llm,ollama,llama3.2:3b,local,p5_creativo,3,19586.08609996736,816.1676999880001,88,309,tokens,tokens,0.0,,,Hola! Me alegra verte aquí hoy. Estoy emocionado de ayudarte a mejorar tu bienestar físico atlético. Vamos a empezar con una rutina corta de calentamiento para prepararnos para nuestro objetivo.  Aquí,
2026-05-23T23:23:04.513+00:00,llm,ollama,llama3.2:3b,local,p5_creativo,4,15361.244400031865,1018.491700058803,88,229,tokens,tokens,0.0,,,¡Hola! Me alegra conectarte hoy para discutir sobre cómo mejorar tu bienestar físico atlético. ¿Estás listo para alcanzar tus metas deportivas?  Aquí tienes una rutina corta de calentamiento para empe,
2026-05-23T23:23:22.387+00:00,llm,ollama,llama3.2:3b,local,p5_creativo,5,17874.238300020806,744.4291999563575,88,278,tokens,tokens,0.0,,,¡Hola! Me alegra conectarte hoy para trabajar juntos en tu bienestar físico atlético. Mi objetivo es ayudarte a alcanzar tus objetivos de fitness de manera segura y efectiva.  Aquí te presento una rut,
2026-06-08T02:33:16.299+00:00,llm,anthropic,claude-3-5-sonnet-latest,cloud,p1_factual_corto,1,0.0,,0,0,,,,,,,"NotFoundError: Error code: 404 - {'type': 'error', 'error': {'type': 'not_found_error', 'message': 'model: claude-3-5-sonnet-latest'}, 'request_id': 'req_011Cbq1YjwwddHw6mxXkBvCz'}"
2026-06-08T02:33:16.465+00:00,llm,anthropic,claude-3-5-sonnet-latest,cloud,p1_factual_corto,2,0.0,,0,0,,,,,,,"NotFoundError: Error code: 404 - {'type': 'error', 'error': {'type': 'not_found_error', 'message': 'model: claude-3-5-sonnet-latest'}, 'request_id': 'req_011Cbq1YmHJxuf9WauqootDW'}"
2026-06-08T02:33:16.625+00:00,llm,anthropic,claude-3-5-sonnet-latest,cloud,p1_factual_corto,3,0.0,,0,0,,,,,,,"NotFoundError: Error code: 404 - {'type': 'error', 'error': {'type': 'not_found_error', 'message': 'model: claude-3-5-sonnet-latest'}, 'request_id': 'req_011Cbq1Yn1U52btRNZBHgmQ8'}"
2026-06-08T02:33:17.022+00:00,llm,anthropic,claude-3-5-sonnet-latest,cloud,p1_factual_corto,4,0.0,,0,0,,,,,,,"NotFoundError: Error code: 404 - {'type': 'error', 'error': {'type': 'not_found_error', 'message': 'model: claude-3-5-sonnet-latest'}, 'request_id': 'req_011Cbq1YohAyZzuDCPLNANNA'}"
2026-06-08T02:33:17.462+00:00,llm,anthropic,claude-3-5-sonnet-latest,cloud,p1_factual_corto,5,0.0,,0,0,,,,,,,"NotFoundError: Error code: 404 - {'type': 'error', 'error': {'type': 'not_found_error', 'message': 'model: claude-3-5-sonnet-latest'}, 'request_id': 'req_011Cbq1YqYYVEyBPurTC1A77'}"
2026-06-08T02:33:17.648+00:00,llm,anthropic,claude-3-5-sonnet-latest,cloud,p2_razonamiento,1,0.0,,0,0,,,,,,,"NotFoundError: Error code: 404 - {'type': 'error', 'error': {'type': 'not_found_error', 'message': 'model: claude-3-5-sonnet-latest'}, 'request_id': 'req_011Cbq1YrHSdykEPTAQBaJhe'}"
2026-06-08T02:33:17.803+00:00,llm,anthropic,claude-3-5-sonnet-latest,cloud,p2_razonamiento,2,0.0,,0,0,,,,,,,"NotFoundError: Error code: 404 - {'type': 'error', 'error': {'type': 'not_found_error', 'message': 'model: claude-3-5-sonnet-latest'}, 'request_id': 'req_011Cbq1Ys3LVautTjooTgGKb'}"
2026-06-08T02:33:17.970+00:00,llm,anthropic,claude-3-5-sonnet-latest,cloud,p2_razonamiento,3,0.0,,0,0,,,,,,,"NotFoundError: Error code: 404 - {'type': 'error', 'error': {'type': 'not_found_error', 'message': 'model: claude-3-5-sonnet-latest'}, 'request_id': 'req_011Cbq1YskVrr7aP4QpaoWSH'}"
2026-06-08T02:33:18.135+00:00,llm,anthropic,claude-3-5-sonnet-latest,cloud,p2_razonamiento,4,0.0,,0,0,,,,,,,"NotFoundError: Error code: 404 - {'type': 'error', 'error': {'type': 'not_found_error', 'message': 'model: claude-3-5-sonnet-latest'}, 'request_id': 'req_011Cbq1YtTQxCPZh1kghA1s2'}"
2026-06-08T02:33:18.300+00:00,llm,anthropic,claude-3-5-sonnet-latest,cloud,p2_razonamiento,5,0.0,,0,0,,,,,,,"NotFoundError: Error code: 404 - {'type': 'error', 'error': {'type': 'not_found_error', 'message': 'model: claude-3-5-sonnet-latest'}, 'request_id': 'req_011Cbq1Yu9bAmUrUtw7KPARB'}"
2026-06-08T02:33:18.462+00:00,llm,anthropic,claude-3-5-sonnet-latest,cloud,p3_json_estricto,1,0.0,,0,0,,,,,,,"NotFoundError: Error code: 404 - {'type': 'error', 'error': {'type': 'not_found_error', 'message': 'model: claude-3-5-sonnet-latest'}, 'request_id': 'req_011Cbq1YuqWNnWPAnou1FxJV'}"
2026-06-08T02:33:18.619+00:00,llm,anthropic,claude-3-5-sonnet-latest,cloud,p3_json_estricto,2,0.0,,0,0,,,,,,,"NotFoundError: Error code: 404 - {'type': 'error', 'error': {'type': 'not_found_error', 'message': 'model: claude-3-5-sonnet-latest'}, 'request_id': 'req_011Cbq1YvYRjFvY1L4cCSpnU'}"
2026-06-08T02:33:18.770+00:00,llm,anthropic,claude-3-5-sonnet-latest,cloud,p3_json_estricto,3,0.0,,0,0,,,,,,,"NotFoundError: Error code: 404 - {'type': 'error', 'error': {'type': 'not_found_error', 'message': 'model: claude-3-5-sonnet-latest'}, 'request_id': 'req_011Cbq1YwC7rW3es3ByeRMNM'}"
2026-06-08T02:33:18.972+00:00,llm,anthropic,claude-3-5-sonnet-latest,cloud,p3_json_estricto,4,0.0,,0,0,,,,,,,"NotFoundError: Error code: 404 - {'type': 'error', 'error': {'type': 'not_found_error', 'message': 'model: claude-3-5-sonnet-latest'}, 'request_id': 'req_011Cbq1YwvGvB7YuLjj4XLKU'}"
2026-06-08T02:33:19.124+00:00,llm,anthropic,claude-3-5-sonnet-latest,cloud,p3_json_estricto,5,0.0,,0,0,,,,,,,"NotFoundError: Error code: 404 - {'type': 'error', 'error': {'type': 'not_found_error', 'message': 'model: claude-3-5-sonnet-latest'}, 'request_id': 'req_011Cbq1YxiPsCCLu2cegD4Qo'}"
2026-06-08T02:33:19.275+00:00,llm,anthropic,claude-3-5-sonnet-latest,cloud,p4_contexto_largo,1,0.0,,0,0,,,,,,,"NotFoundError: Error code: 404 - {'type': 'error', 'error': {'type': 'not_found_error', 'message': 'model: claude-3-5-sonnet-latest'}, 'request_id': 'req_011Cbq1YyMqgpP7vqqSkoAKd'}"
2026-06-08T02:33:19.439+00:00,llm,anthropic,claude-3-5-sonnet-latest,cloud,p4_contexto_largo,2,0.0,,0,0,,,,,,,"NotFoundError: Error code: 404 - {'type': 'error', 'error': {'type': 'not_found_error', 'message': 'model: claude-3-5-sonnet-latest'}, 'request_id': 'req_011Cbq1Yz2XL7HK7tdNrKUKB'}"
2026-06-08T02:33:19.592+00:00,llm,anthropic,claude-3-5-sonnet-latest,cloud,p4_contexto_largo,3,0.0,,0,0,,,,,,,"NotFoundError: Error code: 404 - {'type': 'error', 'error': {'type': 'not_found_error', 'message': 'model: claude-3-5-sonnet-latest'}, 'request_id': 'req_011Cbq1Yzhi2xnqgL1ej7nxi'}"
2026-06-08T02:33:19.742+00:00,llm,anthropic,claude-3-5-sonnet-latest,cloud,p4_contexto_largo,4,0.0,,0,0,,,,,,,"NotFoundError: Error code: 404 - {'type': 'error', 'error': {'type': 'not_found_error', 'message': 'model: claude-3-5-sonnet-latest'}, 'request_id': 'req_011Cbq1Z1MeQ16NmFKVDs4tx'}"
2026-06-08T02:33:19.923+00:00,llm,anthropic,claude-3-5-sonnet-latest,cloud,p4_contexto_largo,5,0.0,,0,0,,,,,,,"NotFoundError: Error code: 404 - {'type': 'error', 'error': {'type': 'not_found_error', 'message': 'model: claude-3-5-sonnet-latest'}, 'request_id': 'req_011Cbq1Z25odfiybGWqLyDjg'}"
2026-06-08T02:33:20.085+00:00,llm,anthropic,claude-3-5-sonnet-latest,cloud,p5_creativo,1,0.0,,0,0,,,,,,,"NotFoundError: Error code: 404 - {'type': 'error', 'error': {'type': 'not_found_error', 'message': 'model: claude-3-5-sonnet-latest'}, 'request_id': 'req_011Cbq1Z2oxZSRfGxQ43beUZ'}"
2026-06-08T02:33:20.253+00:00,llm,anthropic,claude-3-5-sonnet-latest,cloud,p5_creativo,2,0.0,,0,0,,,,,,,"NotFoundError: Error code: 404 - {'type': 'error', 'error': {'type': 'not_found_error', 'message': 'model: claude-3-5-sonnet-latest'}, 'request_id': 'req_011Cbq1Z3UPebwqbMu1Ugc87'}"
2026-06-08T02:33:20.411+00:00,llm,anthropic,claude-3-5-sonnet-latest,cloud,p5_creativo,3,0.0,,0,0,,,,,,,"NotFoundError: Error code: 404 - {'type': 'error', 'error': {'type': 'not_found_error', 'message': 'model: claude-3-5-sonnet-latest'}, 'request_id': 'req_011Cbq1Z4BZNAjN4TL859A9B'}"
2026-06-08T02:33:20.560+00:00,llm,anthropic,claude-3-5-sonnet-latest,cloud,p5_creativo,4,0.0,,0,0,,,,,,,"NotFoundError: Error code: 404 - {'type': 'error', 'error': {'type': 'not_found_error', 'message': 'model: claude-3-5-sonnet-latest'}, 'request_id': 'req_011Cbq1Z4rjgPVEJ58J73VcA'}"
2026-06-08T02:33:20.720+00:00,llm,anthropic,claude-3-5-sonnet-latest,cloud,p5_creativo,5,0.0,,0,0,,,,,,,"NotFoundError: Error code: 404 - {'type': 'error', 'error': {'type': 'not_found_error', 'message': 'model: claude-3-5-sonnet-latest'}, 'request_id': 'req_011Cbq1Z5VgoAQvaR3WmPXGN'}"
2026-06-08T02:37:00.601+00:00,llm,anthropic,claude-sonnet-4-6,cloud,p1_factual_corto,1,1745.9578999551013,1299.8013999895193,41,32,tokens,tokens,0.000603,,,"La capital de Costa Rica es **San José**, cuya área metropolitana cuenta con aproximadamente **1,5 millones de habitantes**.",
2026-06-08T02:37:04.163+00:00,llm,anthropic,claude-sonnet-4-6,cloud,p1_factual_corto,2,3561.5176999708638,2695.8756999811158,41,32,tokens,tokens,0.000603,,,"La capital de Costa Rica es **San José**, cuya área metropolitana cuenta con aproximadamente **1,5 millones de habitantes**.",
2026-06-08T02:37:06.568+00:00,llm,anthropic,claude-sonnet-4-6,cloud,p1_factual_corto,3,2405.788099975325,1234.2584999860264,41,32,tokens,tokens,0.000603,,,"La capital de Costa Rica es **San José**, cuya área metropolitana cuenta con aproximadamente **1,5 millones de habitantes**.",
2026-06-08T02:37:08.118+00:00,llm,anthropic,claude-sonnet-4-6,cloud,p1_factual_corto,4,1549.2543000145815,1023.4434999874793,41,32,tokens,tokens,0.000603,,,"La capital de Costa Rica es **San José**, cuya área metropolitana cuenta con aproximadamente **1,5 millones de habitantes**.",
2026-06-08T02:37:09.643+00:00,llm,anthropic,claude-sonnet-4-6,cloud,p1_factual_corto,5,1525.7251000148244,1094.3409000174142,41,32,tokens,tokens,0.000603,,,"La capital de Costa Rica es **San José**, cuya área metropolitana cuenta con aproximadamente **1,5 millones de habitantes**.",
2026-06-08T02:37:22.842+00:00,llm,anthropic,claude-sonnet-4-6,cloud,p2_razonamiento,1,13198.421600041911,1046.7820000485517,135,1024,tokens,tokens,0.015765,,,"# Análisis de Combinaciones de Modelos 3D  ## Datos del Problema  | Modelo | Contexto | Triángulos | |--------|----------|------------| | Max | Gimnasio | 28,000 | | Winston | Entretenimiento | 31,000",
2026-06-08T02:37:37.103+00:00,llm,anthropic,claude-sonnet-4-6,cloud,p2_razonamiento,2,14260.910800017882,1767.2438999870792,135,1024,tokens,tokens,0.015765,,,"# Análisis de Combinaciones de Modelos 3D  ## Datos del problema  | Modelo | Contexto | Triángulos | |--------|----------|------------| | Max | Gimnasio | 28,000 | | Winston | Entretenimiento | 31,000",
2026-06-08T02:37:51.420+00:00,llm,anthropic,claude-sonnet-4-6,cloud,p2_razonamiento,3,14317.315599997528,1024.7297000023536,135,1024,tokens,tokens,0.015765,,,"# Análisis de Combinaciones de Modelos 3D  ## Datos del problema  | Modelo | Contexto | Triángulos | |--------|----------|------------| | Max | Gimnasio | 28,000 △ | | Winston | Entretenimiento | 31,0",
2026-06-08T02:38:05.914+00:00,llm,anthropic,claude-sonnet-4-6,cloud,p2_razonamiento,4,14493.970199953765,1264.4803999573924,135,1024,tokens,tokens,0.015765,,,"# Análisis de Combinaciones de Modelos 3D  ## Datos del Problema  | Modelo | Contexto | Triángulos | |--------|----------|------------| | Max | Gimnasio | 28,000 △ | | Winston | Entretenimiento | 31,0",
2026-06-08T02:38:19.238+00:00,llm,anthropic,claude-sonnet-4-6,cloud,p2_razonamiento,5,13323.722900007851,991.9334999867715,135,1024,tokens,tokens,0.015765,,,"# Análisis de Combinaciones de Modelos 3D  ## Datos del Problema  | Modelo | Contexto | Triángulos | |--------|----------|------------| | Max | Gimnasio | 28,000 | | Winston | Entretenimiento | 31,000",
2026-06-08T02:38:23.896+00:00,llm,anthropic,claude-sonnet-4-6,cloud,p3_json_estricto,1,4658.285300014541,995.1233000028878,75,213,tokens,tokens,0.00342,,,"{""agentes"":[{""nombre"":""Aria"",""estilo"":""realista"",""rol"":""Asistente de atención al cliente"",""expresiones"":[""sonrisa amable"",""ceño fruncido de preocupación"",""mirada atenta"",""gesto de asentimiento"",""expre",
2026-06-08T02:38:28.689+00:00,llm,anthropic,claude-sonnet-4-6,cloud,p3_json_estricto,2,4792.61189996032,954.7935999580659,75,213,tokens,tokens,0.00342,,,"{""agentes"":[{""nombre"":""Nova"",""estilo"":""realista"",""rol"":""Asistente de atención al cliente"",""expresiones"":[""sonrisa amable"",""ceño fruncido de preocupación"",""gesto de aprobación"",""mirada atenta"",""expresi",
2026-06-08T02:38:33.256+00:00,llm,anthropic,claude-sonnet-4-6,cloud,p3_json_estricto,3,4567.359299981035,895.5185000086203,75,214,tokens,tokens,0.003435,,,"{""agentes"":[{""nombre"":""Aria"",""estilo"":""realista"",""rol"":""Asistente de atención al cliente"",""expresiones"":[""sonrisa amable"",""ceño fruncido de preocupación"",""mirada atenta"",""gesto de asentimiento"",""expre",
2026-06-08T02:38:40.428+00:00,llm,anthropic,claude-sonnet-4-6,cloud,p3_json_estricto,4,7171.402400010265,3611.2412000074983,75,208,tokens,tokens,0.003345,,,"{""agentes"":[{""nombre"":""Aria"",""estilo"":""realista"",""rol"":""Asistente de atención al cliente"",""expresiones"":[""sonrisa amable"",""ceño fruncido de preocupación"",""gesto de aprobación"",""mirada atenta"",""expresi",
2026-06-08T02:38:45.338+00:00,llm,anthropic,claude-sonnet-4-6,cloud,p3_json_estricto,5,4909.842299995944,1073.6977999913506,75,225,tokens,tokens,0.0036,,,"{""agentes"":[{""nombre"":""Aria"",""estilo"":""realista"",""rol"":""Asistente de atención al cliente"",""expresiones"":[""sonrisa amable"",""ceño fruncido de preocupación"",""gesto de asentimiento"",""mirada atenta"",""expre",
2026-06-08T02:38:48.472+00:00,llm,anthropic,claude-sonnet-4-6,cloud,p4_contexto_largo,1,3134.105900011491,987.3034000047483,250,121,tokens,tokens,0.002565,,,"## Resumen  El benchmarking de servicios cognitivos para agentes virtuales evalúa seis dimensiones clave: **rendimiento técnico** (latencia y precisión mediante métricas como WER), **costo a escala** ",
2026-06-08T02:38:51.522+00:00,llm,anthropic,claude-sonnet-4-6,cloud,p4_contexto_largo,2,3049.9514999683015,900.3330999985337,250,118,tokens,tokens,0.00252,,,"## Resumen  El benchmarking de servicios cognitivos para agentes virtuales evalúa seis dimensiones clave: **rendimiento** (latencia y precisión mediante métricas como WER), **costo a escala** (expresa",
2026-06-08T02:38:54.252+00:00,llm,anthropic,claude-sonnet-4-6,cloud,p4_contexto_largo,3,2730.581699986942,1046.6389000066556,250,104,tokens,tokens,0.00231,,,"## Resumen  El benchmarking de servicios cognitivos para agentes virtuales evalúa seis dimensiones clave: **rendimiento** (latencia y precisión mediante métricas como WER), **costo a escala** (por tok",
2026-06-08T02:38:57.038+00:00,llm,anthropic,claude-sonnet-4-6,cloud,p4_contexto_largo,4,2785.9448000090197,933.4957000100985,250,118,tokens,tokens,0.00252,,,**Resumen:**  El benchmarking de servicios cognitivos para agentes virtuales evalúa seis dimensiones clave. Las tres principales son: **rendimiento técnico** (latencia y precisión mediante métricas co,
2026-06-08T02:39:00.552+00:00,llm,anthropic,claude-sonnet-4-6,cloud,p4_contexto_largo,5,3513.4505999740213,1421.5018999530002,250,114,tokens,tokens,0.00246,,,"## Resumen  El benchmarking de servicios cognitivos para agentes virtuales evalúa seis dimensiones clave: **rendimiento** (latencia y precisión mediante métricas como WER o coherencia), **costos a esc",
2026-06-08T02:39:10.150+00:00,llm,anthropic,claude-sonnet-4-6,cloud,p5_creativo,1,9598.310200031847,1435.99730002461,78,385,tokens,tokens,0.006009,,,"# ¡Hola! Soy Max 💪  ¡Qué bueno tenerte aquí hoy! Soy Max, tu acompañante de bienestar físico, y estoy listo para acompañarte en este camino hacia una mejor versión de ti mismo. Juntos vamos a trabajar",
2026-06-08T02:39:17.810+00:00,llm,anthropic,claude-sonnet-4-6,cloud,p5_creativo,2,7659.555499965791,1000.0011000083759,78,345,tokens,tokens,0.005409,,,"# ¡Hola! Soy Max 💪  ¡Qué bueno tenerte aquí! Soy Max, tu acompañante de bienestar físico, y estoy listo para acompañarte en cada paso de tu entrenamiento. Juntos vamos a sacar lo mejor de ti, sin impo",
2026-06-08T02:39:26.860+00:00,llm,anthropic,claude-sonnet-4-6,cloud,p5_creativo,3,9049.903100007214,1216.714000038337,78,391,tokens,tokens,0.006099,,,"# ¡Hola! Soy Max 💪  ¡Qué bueno tenerte aquí hoy! Soy Max, tu acompañante de bienestar físico, y estoy listo para ayudarte a sacar lo mejor de ti. Ya sea que estés comenzando el día o preparándote para",
2026-06-08T02:39:35.566+00:00,llm,anthropic,claude-sonnet-4-6,cloud,p5_creativo,4,8705.84740000777,967.2622000216506,78,417,tokens,tokens,0.006489,,,"# ¡Hola! Soy Max 💪  ¡Qué bueno tenerte aquí hoy! Soy Max, tu acompañante de bienestar físico, y estoy listo para acompañarte en cada paso de tu entrenamiento. Ya sea que estés comenzando el día o prep",
2026-06-08T02:39:43.722+00:00,llm,anthropic,claude-sonnet-4-6,cloud,p5_creativo,5,8156.0156000196,1014.0149000217207,78,374,tokens,tokens,0.005844,,,# ¡Hola! Soy Max 💪  ¡Qué gusto tenerte aquí hoy! Soy tu acompañante de bienestar físico y estoy listo para ayudarte a sacar lo mejor de ti. Juntos vamos a trabajar en tu rendimiento y bienestar de man,
