timestamp,run_batch_id,escenario,stt_provider,llm_provider,tts_provider,test_id,run_id,stt_latency_ms,llm_latency_ms,llm_ttft_ms,tts_latency_ms,total_latency_ms,overhead_ms,stt_cost_usd,llm_cost_usd,tts_cost_usd,total_cost_usd,transcript_preview,llm_response_preview,notes,error
2026-06-15T06:20:38.496+00:00,2026-06-15T06:20:19Z,Calidad premium,assemblyai,openai,elevenlabs,a1_saludo_corto,1,4482.19,2763.57,2654.05,1550.13,9270.52,474.63,0.0002545725,0.0002425,0.0141,0.0145970724999999,"Hola, buenos días. Soy un agente virtual de prueba para el benchmarking.",¡Hola! Buenos días. ¿En qué puedo ayudarte hoy?,tts_chars=47,
2026-06-15T06:20:47.767+00:00,2026-06-15T06:20:19Z,Calidad premium,assemblyai,openai,elevenlabs,a1_saludo_corto,2,3837.02,924.94,802.38,1166.66,5932.49,3.87,0.0002545725,0.0002725,0.0201,0.0206270725,"Hola, buenos días. Soy un agente virtual de prueba para el benchmarking.",¡Hola! Buenos días. ¿En qué puedo ayudarte hoy con el benchmarking?,tts_chars=67,
2026-06-15T06:20:53.700+00:00,2026-06-15T06:20:19Z,Calidad premium,assemblyai,openai,elevenlabs,a1_saludo_corto,3,3715.15,551.15,415.07,1032.34,5299.87,1.23,0.0002545725,0.0002425,0.0141,0.0145970724999999,"Hola, buenos días. Soy un agente virtual de prueba para el benchmarking.",¡Hola! Buenos días. ¿En qué puedo ayudarte hoy?,tts_chars=47,
2026-06-15T06:20:59.000+00:00,2026-06-15T06:20:19Z,Calidad premium,assemblyai,openai,elevenlabs,a1_saludo_corto,4,3812.67,1303.9,1047.72,1921.94,7039.7,1.19,0.0002545725,0.0004225,0.0456,0.0462770725,"Hola, buenos días. Soy un agente virtual de prueba para el benchmarking.","¡Hola, buenos días! Estoy aquí para ayudarte con cualquier consulta que tengas sobre el benchmarking o cualquier otro tema. ¿En qué puedo asistirte hoy?",tts_chars=152,
2026-06-15T06:21:06.040+00:00,2026-06-15T06:20:19Z,Calidad premium,assemblyai,openai,elevenlabs,a1_saludo_corto,5,3737.61,1265.53,803.35,2221.43,7225.95,1.38,0.0002545725,0.0004625,0.051,0.0517170725,"Hola, buenos días. Soy un agente virtual de prueba para el benchmarking.","¡Hola, buenos días! Estoy aquí para ayudarte con cualquier pregunta o tarea que necesites durante la prueba de benchmarking. No dudes en decirme cómo puedo asistirte hoy.",tts_chars=170,
2026-06-15T06:21:13.266+00:00,2026-06-15T06:20:19Z,Calidad premium,assemblyai,openai,elevenlabs,a2_oracion_media,1,3742.91,947.98,368.66,4063.74,8755.37,0.74,0.0006654075,0.0007575,0.1077,0.1091229075,"El benchmarking sistemático de servicios cognitivos contempla 6 dimensiones interdependientes que incluyen latencia, precisión, costo, privacidad, customización y facilidad de integración.","El benchmarking sistemático de servicios cognitivos es esencial para evaluar su efectividad y adecuación a las necesidades del usuario. Al considerar las seis dimensiones interdependientes mencionadas, puedes tomar decisiones más informadas",tts_chars=359,
2026-06-15T06:21:22.022+00:00,2026-06-15T06:20:19Z,Calidad premium,assemblyai,openai,elevenlabs,a2_oracion_media,2,4562.36,1146.96,462.85,4267.23,9977.23,0.68,0.0006654075,0.0007175,0.0974999999999999,0.0988829074999999,"El benchmarking sistemático de servicios cognitivos contempla 6 dimensiones interdependientes que incluyen latencia, precisión, costo, privacidad, customización y facilidad de integración.",Entiendo que estás interesado en el benchmarking sistemático de servicios cognitivos. Estas seis dimensiones te permitirán evaluar y comparar eficazmente diferentes servicios para encontrar el que mejor se adapte a tus necesidades. Si neces,tts_chars=325,
2026-06-15T06:21:31.999+00:00,2026-06-15T06:20:19Z,Calidad premium,assemblyai,openai,elevenlabs,a2_oracion_media,3,4528.03,964.85,312.53,4375.99,9869.79,0.92,0.0006654075,0.0007175,0.0933,0.0946829075,"El benchmarking sistemático de servicios cognitivos contempla 6 dimensiones interdependientes que incluyen latencia, precisión, costo, privacidad, customización y facilidad de integración.","Entiendo que estás interesado en el benchmarking de servicios cognitivos. Es un proceso invaluable para evaluar aspectos cruciales como latencia, precisión, costo, privacidad, customización y facilidad de integración. Si necesitas más infor",tts_chars=311,
2026-06-15T06:21:41.869+00:00,2026-06-15T06:20:19Z,Calidad premium,assemblyai,openai,elevenlabs,a2_oracion_media,4,4953.69,1161.31,490.81,4703.0,10819.05,1.04,0.0006654075,0.0008275,0.1158,0.1172929075,"El benchmarking sistemático de servicios cognitivos contempla 6 dimensiones interdependientes que incluyen latencia, precisión, costo, privacidad, customización y facilidad de integración.","El benchmarking sistemático de servicios cognitivos es esencial para evaluar su rendimiento y adecuación a las necesidades específicas de un proyecto. Al considerar las dimensiones de latencia, precisión, costo, privacidad, personalización ",tts_chars=386,
2026-06-15T06:21:52.688+00:00,2026-06-15T06:20:19Z,Calidad premium,assemblyai,openai,elevenlabs,a2_oracion_media,5,4500.03,1141.22,337.93,5213.53,10855.64,0.86,0.0006654075,0.0008975,0.1287,0.1302629075,"El benchmarking sistemático de servicios cognitivos contempla 6 dimensiones interdependientes que incluyen latencia, precisión, costo, privacidad, customización y facilidad de integración.","El benchmarking sistemático de servicios cognitivos es esencial para evaluar su eficacia y adaptabilidad en diferentes contextos. Tener en cuenta dimensiones como latencia, precisión, costo, privacidad, personalización y facilidad de integr",tts_chars=429,
2026-06-15T06:22:03.544+00:00,2026-06-15T06:20:19Z,Calidad premium,assemblyai,openai,elevenlabs,g1_fleurs,1,4757.63,1475.77,828.21,4631.97,10866.16,0.79,0.0003456,0.000835,0.1098,0.1109806,Los murales o garabatos indeseados reciben el nombre de graffiti.,"El término ""graffiti"" se utiliza para referirse a inscripciones, dibujos o pinturas realizadas en espacios públicos sin el consentimiento del propietario. Aunque algunos los consideran una forma de arte urbano, a menudo se perciben como van",tts_chars=366,
2026-06-15T06:22:14.410+00:00,2026-06-15T06:20:19Z,Calidad premium,assemblyai,openai,elevenlabs,g1_fleurs,2,4408.15,1405.36,671.81,4733.24,10547.44,0.7,0.0003456,0.000855,0.12,0.1212006,Los murales o garabatos indeseados reciben el nombre de graffiti.,"El graffiti es una forma de arte urbano que a veces es considerada un acto de vandalismo, especialmente cuando se realiza sin permiso en propiedades privadas o públicas. Sin embargo, también puede ser valorizado como una expresión artística",tts_chars=400,
2026-06-15T06:22:24.957+00:00,2026-06-15T06:20:19Z,Calidad premium,assemblyai,openai,elevenlabs,g1_fleurs,3,4416.63,963.37,403.05,3154.03,8534.67,0.64,0.0003456,0.000625,0.0807,0.0816706,Los murales o garabatos indeseados reciben el nombre de graffiti.,"El término ""graffiti"" se refiere a inscripciones o dibujos no autorizados en superficies públicas. Muchos lo consideran una forma de arte urbano, mientras que otros lo ven como vandalismo. La percepción del graffiti puede variar dependiendo",tts_chars=269,
2026-06-15T06:22:33.492+00:00,2026-06-15T06:20:19Z,Calidad premium,assemblyai,openai,elevenlabs,g1_fleurs,4,3707.76,1388.18,406.75,5907.81,11004.62,0.87,0.0003456,0.001055,0.15,0.1514006,Los murales o garabatos indeseados reciben el nombre de graffiti.,"El término ""graffiti"" se utiliza para describir inscripciones o dibujos realizados en superficies públicas sin permiso, incluyendo tanto murales cuidadosamente elaborados como garabatos. Aunque a veces pueden ser vistos como una forma de ar",tts_chars=500,
2026-06-15T06:22:44.497+00:00,2026-06-15T06:20:19Z,Calidad premium,assemblyai,openai,elevenlabs,g1_fleurs,5,4534.02,1588.52,819.04,4291.75,10415.04,0.75,0.0003456,0.000755,0.0972,0.0983006,Los murales o garabatos indeseados reciben el nombre de graffiti.,"Los murales y garabatos indeseados a menudo son denominados graffiti, aunque el término puede tener diferentes connotaciones según el contexto. Algunos consideran el graffiti como una forma de arte urbano, mientras que otros lo ven como van",tts_chars=324,
2026-06-15T06:22:54.912+00:00,2026-06-15T06:20:19Z,Calidad premium,assemblyai,openai,elevenlabs,c1_cv_noisy,1,4627.26,1579.68,986.18,2675.79,8883.88,1.15,0.00050112,0.0005825,0.0798,0.08088362,"Por un lado, en el sector culto encontramos un movimiento progresivamente creciente.",Parece que estás compartiendo una observación sobre el crecimiento en el sector culto. ¿Te gustaría más información sobre tendencias culturales o cómo este movimiento podría impactar en el futuro? Estoy aquí para ayudarte con cualquier cons,tts_chars=266,
2026-06-15T06:23:03.796+00:00,2026-06-15T06:20:19Z,Calidad premium,assemblyai,openai,elevenlabs,c1_cv_noisy,2,3894.3,1110.38,688.32,2318.39,7323.78,0.71,0.00050112,0.0004825,0.0549,0.05588362,"Por un lado, en el sector culto encontramos un movimiento progresivamente creciente.",Parece que te refieres a una tendencia en aumento en el sector culto. ¿Te gustaría más información sobre este tema o necesitas ayuda específica al respecto? Estoy aquí para asistirte.,tts_chars=183,
2026-06-15T06:23:11.120+00:00,2026-06-15T06:20:19Z,Calidad premium,assemblyai,openai,elevenlabs,c1_cv_noisy,3,3767.63,1163.38,803.63,2144.83,7077.43,1.58,0.00050112,0.0005525,0.0735,0.07455362,"Por un lado, en el sector culto encontramos un movimiento progresivamente creciente.",Entiendo que estás hablando sobre un desarrollo en el sector culto. ¿Te gustaría que profundizara en este tema o tienes alguna pregunta específica sobre este movimiento? Estoy aquí para ayudarte con cualquier información adicional que neces,tts_chars=245,
2026-06-15T06:23:18.197+00:00,2026-06-15T06:20:19Z,Calidad premium,assemblyai,openai,elevenlabs,c1_cv_noisy,4,3742.56,674.68,374.49,2027.3,6445.28,0.74,0.00050112,0.0005425,0.0717,0.07274362,"Por un lado, en el sector culto encontramos un movimiento progresivamente creciente.",Entiendo que estás hablando sobre un crecimiento en el sector culto. ¿Hay algo específico dentro de ese movimiento que te gustaría discutir o explorar más a fondo? Estoy aquí para ayudarte con cualquier información adicional que necesites.,tts_chars=239,
2026-06-15T06:23:24.643+00:00,2026-06-15T06:20:19Z,Calidad premium,assemblyai,openai,elevenlabs,c1_cv_noisy,5,3731.43,856.04,350.8,2047.55,6635.86,0.84,0.00050112,0.0005325,0.0702,0.07123362,"Por un lado, en el sector culto encontramos un movimiento progresivamente creciente.","Parece que estás hablando sobre un desarrollo interesante en el sector culto. Si necesitas más información o detalles específicos sobre este movimiento, estaré encantado de ayudarte. ¿Tienes alguna pregunta particular sobre este tema?",tts_chars=234,
2026-06-15T06:23:31.279+00:00,2026-06-15T06:20:19Z,Calidad premium,assemblyai,openai,elevenlabs,l1_fleurs_largo,1,3909.9,1894.62,827.19,4842.84,10648.53,1.17,0.0022847999999999,0.001085,0.1281,0.1314698,"Por el momento no se sabe qué cargos se imputarán o qué condujo a las autoridades hasta el niño, pero se ha dado inicio a procedimientos penales de menores en el Tribunal Federal. A veces un mismo vuelo puede costar precios muy diferentes e","Entendido. Respecto a los procedimientos penales de menores, es importante mantenerse informado a través de fuentes oficiales para obtener detalles actualizados. Por otro lado, comparar precios de vuelos en diferentes plataformas puede ayud",tts_chars=427,
2026-06-15T06:23:41.927+00:00,2026-06-15T06:20:19Z,Calidad premium,assemblyai,openai,elevenlabs,l1_fleurs_largo,2,4921.18,1438.32,422.48,4594.27,10954.78,1.0,0.0022847999999999,0.0011375,0.1137,0.1171223,"Por el momento no se sabe qué cargos se imputarán o qué condujo a las autoridades hasta el niño, pero se ha dado inicio a procedimientos penales de menores en el Tribunal Federal. A veces un mismo vuelo puede costar precios muy diferentes e","Parece que estás compartiendo tres temas distintos: un caso judicial de menores, consejos sobre la compra de vuelos y el aprendizaje de lanzar un boomerang. Para el caso legal, te recomiendo seguir las noticias para obtener más detalles; pa",tts_chars=379,
2026-06-15T06:23:52.882+00:00,2026-06-15T06:20:19Z,Calidad premium,assemblyai,openai,elevenlabs,l1_fleurs_largo,3,4875.15,1208.74,588.75,4250.49,10335.32,0.94,0.0022847999999999,0.001015,0.1008,0.1040998,"Por el momento no se sabe qué cargos se imputarán o qué condujo a las autoridades hasta el niño, pero se ha dado inicio a procedimientos penales de menores en el Tribunal Federal. A veces un mismo vuelo puede costar precios muy diferentes e","Entiendo que se han iniciado procedimientos penales de menores en un caso específico, y que se sugiere verificar precios en varios sitios antes de reservar un vuelo. Además, aprender a lanzar un boomerang requiere tener uno diseñado para re",tts_chars=336,
2026-06-15T06:24:03.217+00:00,2026-06-15T06:20:19Z,Calidad premium,assemblyai,openai,elevenlabs,l1_fleurs_largo,4,4982.96,1169.88,360.61,4878.85,11032.41,0.73,0.0022847999999999,0.001245,0.1344,0.1379298,"Por el momento no se sabe qué cargos se imputarán o qué condujo a las autoridades hasta el niño, pero se ha dado inicio a procedimientos penales de menores en el Tribunal Federal. A veces un mismo vuelo puede costar precios muy diferentes e","Entiendo que estás buscando información variada. Sobre el caso del niño, mencionaste que se están iniciando procedimientos penales de menores, pero no hay detalles claros aún. En cuanto a los vuelos, te recomiendo comparar precios en difere",tts_chars=448,
2026-06-15T06:24:14.250+00:00,2026-06-15T06:20:19Z,Calidad premium,assemblyai,openai,elevenlabs,l1_fleurs_largo,5,4786.33,972.66,373.87,3248.71,9009.28,1.58,0.0022847999999999,0.0009175,0.0828,0.0860023,"Por el momento no se sabe qué cargos se imputarán o qué condujo a las autoridades hasta el niño, pero se ha dado inicio a procedimientos penales de menores en el Tribunal Federal. A veces un mismo vuelo puede costar precios muy diferentes e","Entiendo que el fragmento menciona tanto un procedimiento penal de menores como consejos para reservar vuelos y lanzar un boomerang. Si necesitas información o asistencia sobre alguno de estos temas, estaré encantado de ayudarte. ¿En cuál d",tts_chars=276,
2026-06-15T06:24:54.457+00:00,2026-06-15T06:20:19Z,Privacidad offline,faster-whisper,ollama,piper,a1_saludo_corto,1,16722.37,4750.16,2933.59,3461.28,24934.31,0.51,0.0,0.0,0.0,0.0,"Hola, buenos días. Soy un agente virtual de prueba para el benchmarking.","""Hola, gracias por unirse a nuestro benchmarking. Estoy aquí para ayudarte a probar y optimizar tu sistema o aplicación. ¿En qué podemos comenzar hoy?""",tts_chars=151,
2026-06-15T06:25:19.391+00:00,2026-06-15T06:20:19Z,Privacidad offline,faster-whisper,ollama,piper,a1_saludo_corto,2,22425.06,15460.46,4098.76,2194.43,40081.03,1.07,0.0,0.0,0.0,0.0,"Hola, buenos días. Soy un agente virtual de prueba para el benchmarking.","""Hola, gracias por contactarnos. Estoy aquí para ayudarte con cualquier pregunta o problema relacionado con el benchmarking. ¿En qué puedo asistirte hoy?""",tts_chars=154,
2026-06-15T06:25:59.473+00:00,2026-06-15T06:20:19Z,Privacidad offline,faster-whisper,ollama,piper,a1_saludo_corto,3,36776.52,12872.65,2818.44,5151.42,54802.5,1.91,0.0,0.0,0.0,0.0,"Hola, buenos días. Soy un agente virtual de prueba para el benchmarking.","""Hola, gracias por utilizar nuestros servicios de benchmarking. Estoy aquí para ayudarte a evaluar y mejorar las performance de tus aplicaciones y sistemas. ¿En qué puedo ayudarte hoy?""",tts_chars=185,
2026-06-15T06:26:54.275+00:00,2026-06-15T06:20:19Z,Privacidad offline,faster-whisper,ollama,piper,a1_saludo_corto,4,66321.19,8682.32,3484.38,4978.71,79983.87,1.65,0.0,0.0,0.0,0.0,"Hola, buenos días. Soy un agente virtual de prueba para el benchmarking.","""Hola, gracias por contactarme. Estoy aquí para ayudarte con cualquier pregunta o requisito que tengas relacionado con el benchmarking. ¿En qué puedo asistirte hoy?""",tts_chars=165,
2026-06-15T06:28:14.259+00:00,2026-06-15T06:20:19Z,Privacidad offline,faster-whisper,ollama,piper,a1_saludo_corto,5,65673.38,9152.32,4120.52,4930.66,79758.32,1.95,0.0,0.0,0.0,0.0,"Hola, buenos días. Soy un agente virtual de prueba para el benchmarking.","""Hola, bienvenido a nuestro sistema de benchmarking. Estoy aquí para ayudarte a probar y evaluar tus sistemas o aplicaciones. ¿En qué puedo ayudarte hoy?""",tts_chars=154,
2026-06-15T06:29:34.018+00:00,2026-06-15T06:20:19Z,Privacidad offline,faster-whisper,ollama,piper,a2_oracion_media,1,91759.32,13893.25,5799.84,11807.83,117462.61,2.2,0.0,0.0,0.0,0.0,"El benchmarking sistemático de servicios cognitivos contempla seis dimensiones interdependientes que incluyen latencia, precisión, costo, privacidad, customización y facilidad de integración.","Excelente punto! El benchmarking sistemático de servicios cognitivos es un enfoque integral que considera las diferentes dimensiones para evaluar la calidad y eficiencia de los servicios. Estas seis dimensiones son fundamentales: latencia, ",tts_chars=405,
2026-06-15T06:31:31.481+00:00,2026-06-15T06:20:19Z,Privacidad offline,faster-whisper,ollama,piper,a2_oracion_media,2,43237.01,10517.31,2856.03,7578.57,61333.89,1.0,0.0,0.0,0.0,0.0,"El benchmarking sistemático de servicios cognitivos contempla seis dimensiones interdependientes que incluyen latencia, precisión, costo, privacidad, customización y facilidad de integración.","Excelente punto de partida para evaluar el rendimiento de los servicios cognitivos. El benchmarking sistemático considera estas seis dimensiones interdependientes: latencia (tiempo de respuesta), precisión (calidad del resultado), costo (ef",tts_chars=500,
2026-06-15T06:32:32.815+00:00,2026-06-15T06:20:19Z,Privacidad offline,faster-whisper,ollama,piper,a2_oracion_media,3,34880.3,8478.94,4255.95,3871.36,47231.55,0.94,0.0,0.0,0.0,0.0,"El benchmarking sistemático de servicios cognitivos contempla seis dimensiones interdependientes que incluyen latencia, precisión, costo, privacidad, customización y facilidad de integración.",Excelente punto de partida para evaluar el rendimiento de servicios cognitivos. Estas seis dimensiones interdependientes son fundamentales para garantizar una experiencia de usuario optima y sostenible a largo plazo. Al considerar estas dim,tts_chars=343,
2026-06-15T06:33:20.046+00:00,2026-06-15T06:20:19Z,Privacidad offline,faster-whisper,ollama,piper,a2_oracion_media,4,50782.91,10230.49,2827.85,7273.87,68288.73,1.47,0.0,0.0,0.0,0.0,"El benchmarking sistemático de servicios cognitivos contempla seis dimensiones interdependientes que incluyen latencia, precisión, costo, privacidad, customización y facilidad de integración.","Excelente punto clave para el benchmarking sistemático de servicios cognitivos. Estas seis dimensiones son fundamentales para evaluar la calidad y eficiencia de los servicios cognitivos, ya que abarcan aspectos críticos como la velocidad de",tts_chars=500,
2026-06-15T06:34:28.335+00:00,2026-06-15T06:20:19Z,Privacidad offline,faster-whisper,ollama,piper,a2_oracion_media,5,40114.54,12383.35,4094.24,5023.9,57522.92,1.14,0.0,0.0,0.0,0.0,"El benchmarking sistemático de servicios cognitivos contempla seis dimensiones interdependientes que incluyen latencia, precisión, costo, privacidad, customización y facilidad de integración.","Entendido, el benchmarking sistemático de servicios cognitivos es un proceso que evalúa seis dimensiones clave para determinar la eficiencia y la calidad de los servicios ofrecidos. Estas dimensiones son: latencia (tiempo de respuesta), pre",tts_chars=500,
2026-06-15T06:35:25.858+00:00,2026-06-15T06:20:19Z,Privacidad offline,faster-whisper,ollama,piper,g1_fleurs,1,23149.6,9916.17,3394.05,5124.31,38191.01,0.94,0.0,0.0,0.0,0.0,Los murales o garabatos indeseados reciben el nombre de graffiti.,"¡Claro! El término ""graffiti"" se refiere específicamente a la escritura o dibujo no autorizado en superficies públicas, como edificios, calles o vehículos, y suele asociarse con expresiones artísticas no convencionales. Aunque los murales p",tts_chars=432,
2026-06-15T06:36:04.049+00:00,2026-06-15T06:20:19Z,Privacidad offline,faster-whisper,ollama,piper,g1_fleurs,2,22845.34,7480.42,3196.55,2993.93,33320.63,0.93,0.0,0.0,0.0,0.0,Los murales o garabatos indeseados reciben el nombre de graffiti.,"¡Exacto! El término ""graffiti"" se utiliza comúnmente para referirse a los murales o garabatos no autorizados que se encuentran en edificios, vehículos y otros espacios públicos sin el consentimiento del propietario. También se conoce como s",tts_chars=300,
2026-06-15T06:36:37.370+00:00,2026-06-15T06:20:19Z,Privacidad offline,faster-whisper,ollama,piper,g1_fleurs,3,21756.82,10482.85,3043.1,5248.03,37488.6,0.9,0.0,0.0,0.0,0.0,Los murales o garabatos indeseados reciben el nombre de graffiti.,"El término ""graffiti"" se refiere específicamente a los murales o garabatos creados sin autorización y con fines no artísticos, a menudo con un carácter despectivo o vandálico. El graffiti puede ser una forma de expresión para algunos, pero ",tts_chars=500,
2026-06-15T06:37:14.859+00:00,2026-06-15T06:20:19Z,Privacidad offline,faster-whisper,ollama,piper,g1_fleurs,4,24422.97,7158.21,3329.92,2965.43,34547.24,0.63,0.0,0.0,0.0,0.0,Los murales o garabatos indeseados reciben el nombre de graffiti.,"¡Exacto! El término ""graffiti"" se refiere específicamente a los murales o garabatos creados sin autorización, a menudo con fines artísticos o expresivos. También es común que el término incluya las actuaciones de calle o obras de arte calle",tts_chars=256,
2026-06-15T06:37:49.406+00:00,2026-06-15T06:20:19Z,Privacidad offline,faster-whisper,ollama,piper,g1_fleurs,5,23718.94,7813.29,2716.24,3515.51,35048.54,0.8,0.0,0.0,0.0,0.0,Los murales o garabatos indeseados reciben el nombre de graffiti.,"¡Exacto! El término ""graffiti"" se refiere a las pinturas o escrituras que se realizan sin permiso en superficies públicas, como paredes, edificios, calles, etc., y que a menudo no tienen un propósito artístico o estético. Estas creaciones s",tts_chars=348,
2026-06-15T06:38:24.455+00:00,2026-06-15T06:20:19Z,Privacidad offline,faster-whisper,ollama,piper,c1_cv_noisy,1,23081.49,8567.37,3379.96,3143.54,34793.29,0.9,0.0,0.0,0.0,0.0,"Por un lado, en el sector culto encontramos un movimiento progresivamente creciente.","Espero que la transcripción sea correcta. En este caso, puedo decir que se refiere a una tendencia en el ámbito de las artes y la cultura donde hay un aumento del apoyo a ideas progresistas y sociales. Este movimiento está llevando a un cam",tts_chars=352,
2026-06-15T06:38:59.248+00:00,2026-06-15T06:20:19Z,Privacidad offline,faster-whisper,ollama,piper,c1_cv_noisy,2,22878.47,7840.14,3305.14,3048.59,33767.88,0.67,0.0,0.0,0.0,0.0,"Por un lado, en el sector culto encontramos un movimiento progresivamente creciente.","Se refiere a la emergencia de grupos y artistas que promueven una forma de arte y cultura más innovadora y experimental, desafiando las convenciones establecidas en el sector culto. Este movimiento busca fomentar la creatividad y la expresi",tts_chars=338,
2026-06-15T06:39:33.016+00:00,2026-06-15T06:20:19Z,Privacidad offline,faster-whisper,ollama,piper,c1_cv_noisy,3,23052.83,6959.89,3210.19,3125.0,33139.06,1.34,0.0,0.0,0.0,0.0,"Por un lado, en el sector culto encontramos un movimiento progresivamente creciente.","Parece que estás analizando una situación o tendencia social. El aumento del movimiento ""progresista"" en el ámbito cultural sugiere una evolución hacia valores y creencias más liberales o innovadoras. ¿Podrías proporcionar más contexto para",tts_chars=287,
2026-06-15T06:40:06.155+00:00,2026-06-15T06:20:19Z,Privacidad offline,faster-whisper,ollama,piper,c1_cv_noisy,4,22400.62,7720.43,2840.83,5196.02,35318.35,1.28,0.0,0.0,0.0,0.0,"Por un lado, en el sector culto encontramos un movimiento progresivamente creciente.","Es interesante observar cómo el sector culto se está movilizando hacia una postura más progresista, reflejando los cambios en las actitudes y valores de la sociedad en general. Este movimiento puede estar impulsado por factores como la glob",tts_chars=405,
2026-06-15T06:40:41.474+00:00,2026-06-15T06:20:19Z,Privacidad offline,faster-whisper,ollama,piper,c1_cv_noisy,5,22801.7,8849.55,3213.07,4212.5,35864.46,0.71,0.0,0.0,0.0,0.0,"Por un lado, en el sector culto encontramos un movimiento progresivamente creciente.","En el sector culto se está observando un aumento progresivo del interés y la participación en actividades culturales, artísticas y de expresión intelectual, lo que refleja una mayor conciencia y aprecio por la diversidad y complejidad de la",tts_chars=428,
2026-06-15T06:41:17.338+00:00,2026-06-15T06:20:19Z,Privacidad offline,faster-whisper,ollama,piper,l1_fleurs_largo,1,97298.05,10550.74,4334.5,6212.95,114063.87,2.14,0.0,0.0,0.0,0.0,"Por el momento no se sabe qué cargos se imputarán o qué conduja a las autoridades hasta el niño, pero se ha dado inicio a procedimientos penales de menores en el Tribunal Federal. A veces, un mismo vuelo puede costar precios muy diferentes ","Parece que la transcripción es una citación o un texto de una guía de búsqueda en línea, específicamente sobre cómo comparar precios al buscar vuelos y qué factores son importantes al elegir equipo para lanzar boomerangs. Si necesitas infor",tts_chars=406,
2026-06-15T06:43:11.402+00:00,2026-06-15T06:20:19Z,Privacidad offline,faster-whisper,ollama,piper,l1_fleurs_largo,2,65288.44,6181.89,2720.83,2378.83,73850.29,1.12,0.0,0.0,0.0,0.0,"Por el momento no se sabe qué cargos se imputarán o qué conduja a las autoridades hasta el niño, pero se ha dado inicio a procedimientos penales de menores en el Tribunal Federal. A veces, un mismo vuelo puede costar precios muy diferentes ",Entiendo que necesitas información sobre procedimientos penales de menores en el Tribunal Federal y consejos para comparar precios de vuelos en diferentes recopiladores de contenido. ¿Te gustaría saber más sobre cómo funciona el sistema pen,tts_chars=324,
2026-06-15T06:44:25.253+00:00,2026-06-15T06:20:19Z,Privacidad offline,faster-whisper,ollama,piper,l1_fleurs_largo,3,86137.76,9419.18,2743.65,3644.79,99203.65,1.91,0.0,0.0,0.0,0.0,"Por el momento no se sabe qué cargos se imputarán o qué conduja a las autoridades hasta el niño, pero se ha dado inicio a procedimientos penales de menores en el Tribunal Federal. A veces, un mismo vuelo puede costar precios muy diferentes ",Parece que hay una transcripción un poco incompleta. ¿Podrías proporcionarme más texto para poder entender mejor la situación?   Una vez que tenga la información completa puedo ayudarte con tus preguntas sobre boomerangs.,tts_chars=221,
2026-06-15T06:46:04.457+00:00,2026-06-15T06:20:19Z,Privacidad offline,faster-whisper,ollama,piper,l1_fleurs_largo,4,179468.89,7740.05,3110.24,5170.66,192380.76,1.16,0.0,0.0,0.0,0.0,"Por el momento no se sabe qué cargos se imputarán o qué conduja a las autoridades hasta el niño, pero se ha dado inicio a procedimientos penales de menores en el Tribunal Federal. A veces, un mismo vuelo puede costar precios muy diferentes ","Parece que hay una mezcla de información sobre un caso legal infantil con algunos consejos sobre boomerangs y comparar precios en un sitio web. Si necesitas ayuda para encontrar información sobre casos legales o boomerangs, puedo ayudarte a",tts_chars=295,
2026-06-15T06:49:16.838+00:00,2026-06-15T06:20:19Z,Privacidad offline,faster-whisper,ollama,piper,l1_fleurs_largo,5,79681.26,6091.76,2485.14,2388.52,88163.15,1.61,0.0,0.0,0.0,0.0,"Por el momento no se sabe qué cargos se imputarán o qué conduja a las autoridades hasta el niño, pero se ha dado inicio a procedimientos penales de menores en el Tribunal Federal. A veces, un mismo vuelo puede costar precios muy diferentes ","Parece que se trata de una transcripción de voz incoherente o paródica. Sin embargo, puedo tratar de encontrar un sentido general a las palabras utilizadas. ¿Podrías proporcionar más contexto o aclarar qué se refiere exactamente con esa tra",tts_chars=251,
2026-06-15T06:50:46.144+00:00,2026-06-15T06:20:19Z,Stack Azure,azure,openai,azure,a1_saludo_corto,1,1566.59,1746.16,1264.31,1132.88,4748.05,302.42,0.0011809335416666,0.0003525,0.002064,0.0035974335416666,"Hola, Buenos días, soy un agente virtual de prueba para el benchmarking.",¡Hola! Buenos días. Estoy aquí para ayudarte con cualquier pregunta o información que necesites para tus pruebas de benchmarking.,tts_chars=129,
2026-06-15T06:50:50.892+00:00,2026-06-15T06:20:19Z,Stack Azure,azure,openai,azure,a1_saludo_corto,2,1311.76,891.47,733.8,746.96,3080.58,130.4,0.0011809335416666,0.0003025,0.001136,0.0026194335416666,"Hola, Buenos días, soy un agente virtual de prueba para el benchmarking.","¡Hola! Buenos días, encantado de ayudarte. ¿En qué puedo asistirte hoy?",tts_chars=71,
2026-06-15T06:50:53.973+00:00,2026-06-15T06:20:19Z,Stack Azure,azure,openai,azure,a1_saludo_corto,3,1310.87,834.37,695.13,770.3,3216.11,300.57,0.0011809335416666,0.0002525,0.000768,0.0022014335416666,"Hola, Buenos días, soy un agente virtual de prueba para el benchmarking.",¡Hola! Buenos días. ¿En qué puedo asistirte hoy?,tts_chars=48,
2026-06-15T06:50:57.189+00:00,2026-06-15T06:20:19Z,Stack Azure,azure,openai,azure,a1_saludo_corto,4,1315.98,973.1,769.71,728.04,3273.21,256.09,0.0011809335416666,0.0003525,0.001568,0.0031014335416666,"Hola, Buenos días, soy un agente virtual de prueba para el benchmarking.","Hola, buenos días. Encantado de ayudar en el proceso de benchmarking. ¿En qué puedo asistirte hoy?",tts_chars=98,
2026-06-15T06:51:00.463+00:00,2026-06-15T06:20:19Z,Stack Azure,azure,openai,azure,a1_saludo_corto,5,1260.51,1271.55,801.59,796.16,4136.83,808.61,0.0011809335416666,0.0002925,0.001232,0.0027054335416666,"Hola, Buenos días, soy un agente virtual de prueba para el benchmarking.",¡Hola! Buenos días. ¿En qué puedo ayudarte hoy en tu proceso de benchmarking?,tts_chars=77,
2026-06-15T06:51:04.600+00:00,2026-06-15T06:20:19Z,Stack Azure,azure,openai,azure,a2_oracion_media,1,3680.55,1322.25,803.43,934.59,6233.44,296.04,0.0030867514583333,0.0006725,0.004368,0.0081272514583333,"El benzumaki sistemático de servicios cognitivos contempla 6 dimensiones interdependientes que incluyen latencia, precisión, costo, privacidad, customización y facilidad de integración.","Entiendo que estás describiendo un sistema complejo que aborda varias dimensiones clave. Si necesitas más información sobre alguna de estas dimensiones o cómo optimizarlas, estaré encantado de ayudarte. ¿Hay algún aspecto en particular sobr",tts_chars=273,
2026-06-15T06:51:10.833+00:00,2026-06-15T06:20:19Z,Stack Azure,azure,openai,azure,a2_oracion_media,2,3686.93,994.14,388.43,1127.65,5928.22,119.51,0.0030867514583333,0.0007225,0.005104,0.0089132514583333,"El benzumaki sistemático de servicios cognitivos contempla 6 dimensiones interdependientes que incluyen latencia, precisión, costo, privacidad, customización y facilidad de integración.",Entiendo que estás hablando de un modelo sistemático de servicios cognitivos. Estas seis dimensiones son cruciales para evaluar y optimizar la implementación de dichos servicios en diferentes contextos. Si necesitas más información o detall,tts_chars=319,
2026-06-15T06:51:16.762+00:00,2026-06-15T06:20:19Z,Stack Azure,azure,openai,azure,a2_oracion_media,3,3631.52,1378.42,760.84,1107.36,6428.44,311.14,0.0030867514583333,0.0007625,0.005056,0.0089052514583333,"El benzumaki sistemático de servicios cognitivos contempla 6 dimensiones interdependientes que incluyen latencia, precisión, costo, privacidad, customización y facilidad de integración.","Entiendo que estás hablando de un marco o modelo relacionado con servicios cognitivos. Estas dimensiones, como latencia, precisión y costo, son cruciales para evaluar la efectividad y adecuación de dichos servicios. Si necesitas más informa",tts_chars=316,
2026-06-15T06:51:23.190+00:00,2026-06-15T06:20:19Z,Stack Azure,azure,openai,azure,a2_oracion_media,4,3679.56,1129.31,709.03,1105.66,6216.49,301.95,0.0030867514583333,0.0006525,0.004368,0.0081072514583333,"El benzumaki sistemático de servicios cognitivos contempla 6 dimensiones interdependientes que incluyen latencia, precisión, costo, privacidad, customización y facilidad de integración.",Parece que estás hablando de un marco para evaluar servicios cognitivos. Estas seis dimensiones interdependientes son cruciales para optimizar su implementación y aprovechamiento. Si necesitas más información sobre alguna de estas dimension,tts_chars=273,
2026-06-15T06:51:29.407+00:00,2026-06-15T06:20:19Z,Stack Azure,azure,openai,azure,a2_oracion_media,5,3683.14,995.09,363.61,852.68,5825.85,294.93,0.0030867514583333,0.0007825,0.005344,0.0092132514583333,"El benzumaki sistemático de servicios cognitivos contempla 6 dimensiones interdependientes que incluyen latencia, precisión, costo, privacidad, customización y facilidad de integración.","¡Entendido! El enfoque del benzumaki sistemático de servicios cognitivos es integral, abordando aspectos clave como latencia, precisión y privacidad. También considera costos y permite la personalización, al tiempo que facilita la integraci",tts_chars=334,
2026-06-15T06:51:35.233+00:00,2026-06-15T06:20:19Z,Stack Azure,azure,openai,azure,g1_fleurs,1,1613.86,1980.42,1747.03,910.63,4759.4,254.49,0.0016032,0.000725,0.004736,0.0070642,Los murales o garabatos indeseados reciben el nombre de graffiti.,"Los murales o garabatos indeseados que mencionas son conocidos comúnmente como graffiti. Si bien algunos los consideran arte urbano, otros los ven como vandalismo, dependiendo del contexto y de si se cuenta con permiso. ¿Te gustaría saber m",tts_chars=296,
2026-06-15T06:51:54.329+00:00,2026-06-15T06:20:19Z,Stack Azure,azure,openai,azure,g1_fleurs,3,1612.75,1529.17,540.74,1108.35,4550.85,300.57,0.0016032,0.000735,0.005664,0.0080022,Los murales o garabatos indeseados reciben el nombre de graffiti.,"El graffiti es una forma de expresión artística que puede ser controversial, ya que algunos lo ven como arte urbano mientras que otros lo consideran vandalismo. Muchas ciudades tienen zonas designadas para el graffiti para equilibrar la cre",tts_chars=354,
2026-06-15T06:51:58.880+00:00,2026-06-15T06:20:19Z,Stack Azure,azure,openai,azure,g1_fleurs,4,1513.94,1567.85,709.34,899.28,4190.44,209.37,0.0016032,0.000745,0.005232,0.0075802,Los murales o garabatos indeseados reciben el nombre de graffiti.,"Los murales o garabatos en lugares no autorizados suelen llamarse ""graffiti"". Estos pueden ser considerados una forma de arte urbano, pero también pueden ser vistos como vandalismo dependiendo del contexto y la ubicación. Algunas ciudades h",tts_chars=327,
2026-06-15T06:52:03.071+00:00,2026-06-15T06:20:19Z,Stack Azure,azure,openai,azure,g1_fleurs,5,1516.21,2515.17,797.94,1011.74,5338.43,295.31,0.0016032,0.001045,0.007344,0.0099922,Los murales o garabatos indeseados reciben el nombre de graffiti.,"El término ""graffiti"" se refiere normalmente a inscripciones o dibujos realizados en espacios públicos, que pueden ser considerados arte urbano o vandalismo, según el contexto y la intención. Muchos graffiti son ilegales ya que se hacen sin",tts_chars=459,
2026-06-15T06:52:08.410+00:00,2026-06-15T06:20:19Z,Stack Azure,azure,openai,azure,c1_cv_noisy,1,1966.46,1229.01,462.12,943.33,4372.63,233.83,0.00232464,0.0005525,0.00384,0.00671714,"Por un lado, en el sector culto encontramos un movimiento progresivamente creciente.",Entiendo que estás hablando de un cambio significativo en el sector culto. Puedo proporcionarte información adicional o investigar sobre tendencias actuales en ese campo si lo deseas. ¿Hay algo específico sobre lo que te gustaría saber más?,tts_chars=240,
2026-06-15T06:52:12.782+00:00,2026-06-15T06:20:19Z,Stack Azure,azure,openai,azure,c1_cv_noisy,2,1918.94,869.61,516.88,1433.03,4440.47,218.89,0.00232464,0.0004725,0.003248,0.00604514,"Por un lado, en el sector culto encontramos un movimiento progresivamente creciente.",Parece que estás analizando tendencias en un sector específico. ¿Hay algo más en particular sobre este movimiento creciente que te gustaría explorar o necesitas más información? Estoy aquí para ayudarte.,tts_chars=203,
2026-06-15T06:52:17.223+00:00,2026-06-15T06:20:19Z,Stack Azure,azure,openai,azure,c1_cv_noisy,3,2071.61,1105.26,499.39,875.12,4364.02,312.03,0.00232464,0.0005325,0.003696,0.00655314,"Por un lado, en el sector culto encontramos un movimiento progresivamente creciente.","Parece que estás mencionando una tendencia creciente en el sector culto. Si necesitas más información sobre este tema o algún análisis específico, házmelo saber. Estoy aquí para ayudarte con cualquier consulta adicional que tengas.",tts_chars=231,
2026-06-15T06:52:21.587+00:00,2026-06-15T06:20:19Z,Stack Azure,azure,openai,azure,c1_cv_noisy,4,1917.69,749.52,446.16,798.14,3701.77,236.42,0.00232464,0.0005725,0.00424,0.00713714,"Por un lado, en el sector culto encontramos un movimiento progresivamente creciente.",Parece que estás hablando sobre un crecimiento en el interés o participación dentro de un sector culto. ¿Hay algún aspecto específico de este movimiento que te gustaría explorar o discutir? Estoy aquí para ayudarte con cualquier información,tts_chars=265,
2026-06-15T06:52:25.289+00:00,2026-06-15T06:20:19Z,Stack Azure,azure,openai,azure,c1_cv_noisy,5,2018.44,813.06,455.72,807.86,3858.84,219.48,0.00232464,0.0005425,0.003424,0.00629114,"Por un lado, en el sector culto encontramos un movimiento progresivamente creciente.","Entiendo que estás mencionando un crecimiento en el sector cultural. Si tienes preguntas específicas sobre este tema o necesitas más información, estaré encantado de ayudar. ¿Hay algo más en lo que pueda asistirte?",tts_chars=214,
2026-06-15T06:52:29.148+00:00,2026-06-15T06:20:19Z,Stack Azure,azure,openai,azure,l1_fleurs_largo,1,16553.94,1957.45,468.93,1013.03,19785.99,261.58,0.0105989333333333,0.001005,0.005536,0.0171399333333333,"Por el momento no se sabe qué cargos se imputarán o qué conduzca a las autoridades hasta el niño, pero se ha dado inicio a procedimientos penales de menores en el tribunal federal. A veces un mismo vuelo puede costar precios muy diferentes ","Entiendo que se están llevando a cabo procedimientos legales relacionados con un menor, y que es importante comparar precios antes de reservar vuelos para obtener las mejores tarifas. Además, si estás interesado en lanzar un bumerán, asegúr",tts_chars=346,
2026-06-15T06:52:48.935+00:00,2026-06-15T06:20:19Z,Stack Azure,azure,openai,azure,l1_fleurs_largo,2,16566.98,1787.37,644.52,1372.81,20019.73,292.57,0.0105989333333333,0.001245,0.007216,0.0190599333333333,"Por el momento no se sabe qué cargos se imputarán o qué conduzca a las autoridades hasta el niño, pero se ha dado inicio a procedimientos penales de menores en el tribunal federal. A veces un mismo vuelo puede costar precios muy diferentes ","Parece que hay tres temas distintos en tu mensaje: procedimientos penales de menores, comparación de precios de vuelos y el lanzamiento de un bumerán. Si necesitas información sobre procedimientos penales, te recomendaría consultar a un abo",tts_chars=451,
2026-06-15T06:53:08.955+00:00,2026-06-15T06:20:19Z,Stack Azure,azure,openai,azure,l1_fleurs_largo,3,16956.69,1091.56,516.83,979.62,19296.99,269.12,0.0105989333333333,0.000715,0.003184,0.0144979333333333,"Por el momento no se sabe qué cargos se imputarán o qué conduzca a las autoridades hasta el niño, pero se ha dado inicio a procedimientos penales de menores en el tribunal federal. A veces un mismo vuelo puede costar precios muy diferentes ","¿Necesitas más información sobre procedimientos penales de menores, consejos para reservar vuelos o instrucciones sobre cómo lanzar un bumerán? Estoy aquí para ayudarte con cualquiera de estos temas.",tts_chars=199,
2026-06-15T06:53:28.252+00:00,2026-06-15T06:20:19Z,Stack Azure,azure,openai,azure,l1_fleurs_largo,4,16612.72,1574.1,526.72,1067.08,19501.25,247.34,0.0105989333333333,0.001215,0.007104,0.0189179333333333,"Por el momento no se sabe qué cargos se imputarán o qué conduzca a las autoridades hasta el niño, pero se ha dado inicio a procedimientos penales de menores en el tribunal federal. A veces un mismo vuelo puede costar precios muy diferentes ","Entiendo que estás interesado tanto en un tema legal como en consejos para encontrar vuelos baratos y lanzar un bumerán. Para temas legales, es recomendable seguir las actualizaciones de las autoridades. Para conseguir vuelos al mejor preci",tts_chars=444,
2026-06-15T06:53:47.754+00:00,2026-06-15T06:20:19Z,Stack Azure,azure,openai,azure,l1_fleurs_largo,5,16667.71,2952.61,525.68,1247.03,21085.45,218.11,0.0105989333333333,0.001125,0.006768,0.0184919333333333,"Por el momento no se sabe qué cargos se imputarán o qué conduzca a las autoridades hasta el niño, pero se ha dado inicio a procedimientos penales de menores en el tribunal federal. A veces un mismo vuelo puede costar precios muy diferentes ","Parece que estás hablando de varios temas. Respecto al procedimiento penal de menores, generalmente puede ser un proceso complejo que debe seguirse conforme a la legislación vigente. Sobre los vuelos, efectivamente, comparar precios en dife",tts_chars=423,
2026-06-15T06:56:58.907+00:00,2026-06-15T06:20:19Z,Demo rápida nube,deepgram,groq,google,a1_saludo_corto,1,2105.24,793.35,649.05,1125.74,4894.21,869.87,0.0003040727083333,8.433e-05,0.002928,0.0033164027083333,"Hola, buenos días. Soy un agente virtual de prueba para el benchmarking.","Buenos días, es un placer ayudarte en tu prueba de benchmarking. Estoy listo para responder a tus preguntas y proporcionarte la información que necesitas. ¿En qué puedo asistirte hoy?",tts_chars=183,
2026-06-15T06:57:03.802+00:00,2026-06-15T06:20:19Z,Demo rápida nube,deepgram,groq,google,a1_saludo_corto,2,267.96,373.14,196.66,718.29,1367.31,7.92,0.0003040727083333,9.065e-05,0.0036,0.0039947227083333,"Hola, buenos días. Soy un agente virtual de prueba para el benchmarking.","Buenos días, es un placer ayudarte en esta prueba de benchmarking. ¿En qué puedo asistirte hoy o qué tipo de prueba necesitas realizar? Estoy listo para responder a tus preguntas y proporcionarte la información que necesites.",tts_chars=225,
2026-06-15T06:57:05.169+00:00,2026-06-15T06:20:19Z,Demo rápida nube,deepgram,groq,google,a1_saludo_corto,3,168.84,362.49,197.54,668.31,1204.3,4.66,0.0003040727083333,8.591e-05,0.002944,0.0033339827083333,"Hola, buenos días. Soy un agente virtual de prueba para el benchmarking.","Buenos días, gracias por contactar. Estoy aquí para ayudarte y proporcionarte información útil, así que no dudes en preguntar o compartir lo que necesites. ¿En qué puedo asistirte hoy?",tts_chars=184,
2026-06-15T06:57:06.374+00:00,2026-06-15T06:20:19Z,Demo rápida nube,deepgram,groq,google,a1_saludo_corto,4,250.96,373.78,191.95,702.8,1329.99,2.44,0.0003040727083333,8.748999999999999e-05,0.003072,0.0034635627083333,"Hola, buenos días. Soy un agente virtual de prueba para el benchmarking.","Buenos días, ¡hola! Me alegra saludarte y estar aquí para ayudarte en lo que necesites durante esta prueba de benchmarking. ¿En qué puedo asistirte hoy o qué tipo de prueba necesitas realizar?",tts_chars=192,
2026-06-15T06:57:07.704+00:00,2026-06-15T06:20:19Z,Demo rápida nube,deepgram,groq,google,a1_saludo_corto,5,250.23,392.93,201.15,711.03,1356.41,2.23,0.0003040727083333,9.46e-05,0.003616,0.0040146727083333,"Hola, buenos días. Soy un agente virtual de prueba para el benchmarking.","¡Buenos días! Me alegra saber que eres un agente virtual de prueba para el benchmarking, estoy aquí para ayudarte en lo que necesites. ¿En qué puedo asistirte hoy o cómo puedo ayudarte a realizar tus pruebas de forma efectiva?",tts_chars=226,
2026-06-15T06:57:09.061+00:00,2026-06-15T06:20:19Z,Demo rápida nube,deepgram,groq,google,a2_oracion_media,1,270.78,589.23,175.84,911.72,1774.64,2.92,0.0007947922916666,0.00013878,0.006688,0.0076215722916666,"El benchmarkie sistemático de servicios cognitivos contempla 6 dimensiones interdependientes que incluyen latencia, precisión, costo, privacidad, customización y facilidad de integración.","Entendido, la evaluación sistemática de servicios cognitivos es crucial para determinar su eficacia y eficiencia. Las 6 dimensiones mencionadas, como la latencia, precisión y privacidad, son aspectos clave que deben considerarse al seleccio",tts_chars=418,
2026-06-15T06:57:10.835+00:00,2026-06-15T06:20:19Z,Demo rápida nube,deepgram,groq,google,a2_oracion_media,2,262.98,531.37,193.42,881.62,1678.75,2.78,0.0007947922916666,0.00015379,0.008,0.0089485822916666,"El benchmarkie sistemático de servicios cognitivos contempla 6 dimensiones interdependientes que incluyen latencia, precisión, costo, privacidad, customización y facilidad de integración.","Entiendo que estás hablando sobre el benchmarking sistemático de servicios cognitivos, que es un enfoque integral para evaluar y comparar los servicios de inteligencia artificial. Las seis dimensiones que mencionas son clave para evaluar el",tts_chars=500,
2026-06-15T06:57:12.514+00:00,2026-06-15T06:20:19Z,Demo rápida nube,deepgram,groq,google,a2_oracion_media,3,304.03,586.56,199.98,949.23,1841.9,2.09,0.0007947922916666,0.00016564,0.008,0.0089604322916666,"El benchmarkie sistemático de servicios cognitivos contempla 6 dimensiones interdependientes que incluyen latencia, precisión, costo, privacidad, customización y facilidad de integración.","Entiendo que estás hablando sobre el benchmarking sistemático de servicios cognitivos. Estas 6 dimensiones interdependientes son fundamentales para evaluar el rendimiento y la eficacia de los servicios cognitivos, ya que consideran aspectos",tts_chars=500,
2026-06-15T06:57:14.356+00:00,2026-06-15T06:20:19Z,Demo rápida nube,deepgram,groq,google,a2_oracion_media,4,281.65,559.66,176.27,939.66,1783.12,2.15,0.0007947922916666,0.000153,0.008,0.0089477922916666,"El benchmarkie sistemático de servicios cognitivos contempla 6 dimensiones interdependientes que incluyen latencia, precisión, costo, privacidad, customización y facilidad de integración.","Entiendo que estás hablando sobre el benchmarking sistemático de servicios cognitivos, que evalúa seis dimensiones clave para medir el rendimiento de estos servicios. Estas dimensiones son fundamentales para determinar la eficacia y eficien",tts_chars=500,
2026-06-15T06:57:16.139+00:00,2026-06-15T06:20:19Z,Demo rápida nube,deepgram,groq,google,a2_oracion_media,5,468.91,533.72,187.76,1112.92,2117.72,2.17,0.0007947922916666,0.00015774,0.008,0.0089525322916666,"El benchmarkie sistemático de servicios cognitivos contempla 6 dimensiones interdependientes que incluyen latencia, precisión, costo, privacidad, customización y facilidad de integración.","Excelente observación, el benchmarking sistemático de servicios cognitivos es fundamental para evaluar el rendimiento y la eficiencia de estos servicios. Al considerar las 6 dimensiones interdependientes que mencionas, como latencia, precis",tts_chars=500,
2026-06-15T06:57:18.257+00:00,2026-06-15T06:20:19Z,Demo rápida nube,deepgram,groq,google,g1_fleurs,1,267.08,590.32,198.61,885.63,1746.79,3.76,0.0004128,0.0001422,0.006944,0.007499,Los murales o garabatos indeseados reciben el nombre de graffiti.,"La afirmación es incorrecta, ya que los murales o garabatos en general se conocen como grafitis, aunque a menudo este término se utiliza para referirse a los murales o garabatos ilegales o indeseados. Sin embargo, el término ""graffiti"" se p",tts_chars=434,
2026-06-15T06:57:20.004+00:00,2026-06-15T06:20:19Z,Demo rápida nube,deepgram,groq,google,g1_fleurs,2,171.56,752.81,246.53,867.91,1795.42,3.15,0.0004128,0.00014457,0.007472,0.00802937,Los murales o garabatos indeseados reciben el nombre de graffiti.,"Eso es correcto, los murales o garabatos indeseados se conocen comúnmente como graffiti. Estas pinturas o dibujos suelen aparecer en lugares públicos sin el permiso de los dueños de la propiedad y pueden considerarse como un acto de vandali",tts_chars=467,
2026-06-15T06:57:21.800+00:00,2026-06-15T06:20:19Z,Demo rápida nube,deepgram,groq,google,g1_fleurs,3,265.94,715.21,248.08,848.38,1831.81,2.27,0.0004128,0.00012719,0.006624,0.0071639899999999,Los murales o garabatos indeseados reciben el nombre de graffiti.,"Eso es correcto, los murales o garabatos indeseados que se realizan en lugares públicos o privados sin permiso se conocen comúnmente como graffiti. A menudo, estos dibujos o escritos se consideran como un tipo de vandalismo y pueden ser obj",tts_chars=414,
2026-06-15T06:57:23.632+00:00,2026-06-15T06:20:19Z,Demo rápida nube,deepgram,groq,google,g1_fleurs,4,264.24,614.85,190.5,981.82,1864.57,3.66,0.0004128,0.00014457,0.00776,0.00831737,Los murales o garabatos indeseados reciben el nombre de graffiti.,"Es cierto, el término ""graffiti"" se refiere comúnmente a los murales o dibujos realizados sin permiso en lugares públicos o privados, y a menudo se consideran como vandalismos. Sin embargo, también hay un aspecto artístico y cultural en el ",tts_chars=485,
2026-06-15T06:57:25.496+00:00,2026-06-15T06:20:19Z,Demo rápida nube,deepgram,groq,google,g1_fleurs,5,317.5,620.9,191.5,869.41,1810.15,2.34,0.0004128,0.00013509,0.007024,0.0075718899999999,Los murales o garabatos indeseados reciben el nombre de graffiti.,"Eso es correcto, los murales o garabatos indeseados suelen recibir el nombre de graffiti. El término ""graffiti"" proviene del italiano y originalmente se refería a las inscripciones o dibujos realizados en paredes y superficies, pero con el ",tts_chars=439,
2026-06-15T06:57:27.307+00:00,2026-06-15T06:20:19Z,Demo rápida nube,deepgram,groq,google,c1_cv_noisy,1,251.7,642.43,280.89,779.89,1676.46,2.44,0.00059856,0.00012185,0.006128,0.00684841,"Por un lado, en el sector culto encontramos un movimiento progresivamente creciente.",Es interesante destacar que el crecimiento en el sector culto puede reflejar un aumento en la valoración de la cultura y las artes por parte de la sociedad. Esto podría traducirse en un mayor apoyo a las instituciones culturales y a los art,tts_chars=383,
2026-06-15T06:57:28.983+00:00,2026-06-15T06:20:19Z,Demo rápida nube,deepgram,groq,google,c1_cv_noisy,2,162.66,492.74,190.62,1192.62,1850.19,2.17,0.00059856,0.00013528,0.007376,0.00810984,"Por un lado, en el sector culto encontramos un movimiento progresivamente creciente.","Ese movimiento creciente en el sector culto puede estar relacionado con la expansión de la educación y la conciencia sobre la importancia de la cultura en la sociedad. Esto puede incluir un aumento en la asistencia a eventos culturales, la ",tts_chars=461,
2026-06-15T06:57:30.833+00:00,2026-06-15T06:20:19Z,Demo rápida nube,deepgram,groq,google,c1_cv_noisy,3,246.95,576.91,247.85,770.59,1597.0,2.55,0.00059856,0.00011711,0.006112,0.00682767,"Por un lado, en el sector culto encontramos un movimiento progresivamente creciente.","Entiendo que estás analizando un sector específico y has notado un movimiento en constante crecimiento, especialmente entre la población culta. Esto sugiere que hay un interés cada vez mayor en ciertos aspectos culturales o intelectuales de",tts_chars=382,
2026-06-15T06:57:32.431+00:00,2026-06-15T06:20:19Z,Demo rápida nube,deepgram,groq,google,c1_cv_noisy,4,265.9,524.19,255.25,727.5,1521.06,3.47,0.00059856,0.0001052599999999,0.005136,0.00583982,"Por un lado, en el sector culto encontramos un movimiento progresivamente creciente.","Entiendo que estás analizando un sector en particular. En el contexto de tu afirmación, parece que el sector culto está experimentando un crecimiento sostenido y progresivo. ¿Podrías proporcionar más contexto o detalles sobre este movimient",tts_chars=321,
2026-06-15T06:57:33.952+00:00,2026-06-15T06:20:19Z,Demo rápida nube,deepgram,groq,google,c1_cv_noisy,5,253.44,547.65,181.54,983.67,1787.23,2.48,0.00059856,0.00012185,0.00608,0.00680041,"Por un lado, en el sector culto encontramos un movimiento progresivamente creciente.","Interesante observación, parece que el sector culto está experimentando un auge en términos de movimiento o interés. Esto podría deberse a una mayor apreciación por las artes, la literatura o la música clásica, entre otros factores. ¿Podría",tts_chars=380,
2026-06-15T06:57:35.739+00:00,2026-06-15T06:20:19Z,Demo rápida nube,deepgram,groq,google,l1_fleurs_largo,1,387.67,672.61,202.74,794.37,1858.78,4.13,0.0027290666666666,0.00018911,0.006112,0.0090301766666666,"Por el momento, no se sabe qué cargos se imputarán o qué condujo a las autoridades hasta el niño, pero se ha dado inicio a procedimientos penales de menores en el tribunal federal. A veces, un mismo vuelo puede costar precios muy diferentes","Parece que estás recibiendo información sobre un caso penal relacionado con un menor de edad y también sobre cómo comparar precios de vuelos de manera efectiva. Además, tienes interés en aprender a lanzar un búmeran, para lo cual es importa",tts_chars=382,
2026-06-15T06:57:37.598+00:00,2026-06-15T06:20:19Z,Demo rápida nube,deepgram,groq,google,l1_fleurs_largo,2,193.76,768.8,291.23,780.18,1745.94,3.2,0.0027290666666666,0.00018595,0.005904,0.0088190166666666,"Por el momento, no se sabe qué cargos se imputarán o qué condujo a las autoridades hasta el niño, pero se ha dado inicio a procedimientos penales de menores en el tribunal federal. A veces, un mismo vuelo puede costar precios muy diferentes","Parece que tenemos aquí tres temas diferentes: uno relacionado con un caso judicial que involucra a un niño, otro sobre comparación de precios de vuelos y un tercero sobre cómo lanzar un bumerán. Si necesitas ayuda con alguno de estos temas",tts_chars=369,
2026-06-15T06:57:39.344+00:00,2026-06-15T06:20:19Z,Demo rápida nube,deepgram,groq,google,l1_fleurs_largo,3,344.53,597.93,207.61,803.01,1748.5,3.03,0.0027290666666666,0.00019543,0.006608,0.0095324966666666,"Por el momento, no se sabe qué cargos se imputarán o qué condujo a las autoridades hasta el niño, pero se ha dado inicio a procedimientos penales de menores en el tribunal federal. A veces, un mismo vuelo puede costar precios muy diferentes","Parece que hay varias noticias y consejos mezclados en la transcripción. Por un lado, se menciona un caso de procedimientos penales de menores en el tribunal federal, pero no se proporcionan detalles sobre los cargos o el caso específico. S",tts_chars=413,
2026-06-15T06:57:41.093+00:00,2026-06-15T06:20:19Z,Demo rápida nube,deepgram,groq,google,l1_fleurs_largo,4,286.6,482.93,204.68,1030.05,1802.92,3.35,0.0027290666666666,0.000182,0.005648,0.0085590666666666,"Por el momento, no se sabe qué cargos se imputarán o qué condujo a las autoridades hasta el niño, pero se ha dado inicio a procedimientos penales de menores en el tribunal federal. A veces, un mismo vuelo puede costar precios muy diferentes","Parece que hay varias noticias y consejos mezclados en tu mensaje. Si necesitas información sobre procedimientos penales de menores o comparación de precios de vuelos, puedo intentar ayudarte con más detalles. Además, si estás interesado en",tts_chars=353,
2026-06-15T06:57:42.896+00:00,2026-06-15T06:20:19Z,Demo rápida nube,deepgram,groq,google,l1_fleurs_largo,5,293.33,515.34,198.07,909.13,1720.31,2.51,0.0027290666666666,0.000182,0.005744,0.0086550666666666,"Por el momento, no se sabe qué cargos se imputarán o qué condujo a las autoridades hasta el niño, pero se ha dado inicio a procedimientos penales de menores en el tribunal federal. A veces, un mismo vuelo puede costar precios muy diferentes","Parece que tienes varias noticias y temas en mente, desde una investigación en curso hasta consejos para encontrar vuelos económicos y aprender a lanzar un búmeran. Si necesitas ayuda con alguno de estos temas, estaré encantado de brindarte",tts_chars=359,
2026-06-15T06:57:46.491+00:00,2026-06-15T06:20:19Z,Stack Azure,azure,openai,azure,g1_fleurs,2,1617.02,2972.06,1991.4,1044.7,5945.04,311.25,0.0016032,0.000695,0.004928,0.0072262,Los murales o garabatos indeseados reciben el nombre de graffiti.,"El graffiti se refiere a menudo a inscripciones o dibujos que se realizan en espacios públicos sin permiso. Aunque a veces son considerados indeseados, también pueden verse como una forma de expresión artística. La percepción del graffiti v",tts_chars=308,
